asset_class,source_provider,symbol_or_query,headline,snippet,article_url,timestamp_utc,sentiment,theme_bucket,query,raw
gdelt_news,gdelt_doc,SPY,5 Family - Friendly Spy Movies Like  Back in Action  ,20250201T000000Z,https://www.thewrap.com/family-friendly-spy-movies-like-back-in-action/,2025-02-01 00:00:00+00:00,,macro,SPY,"{'url': 'https://www.thewrap.com/family-friendly-spy-movies-like-back-in-action/', 'url_mobile': '', 'title': '5 Family - Friendly Spy Movies Like  Back in Action  ', 'seendate': '20250201T000000Z', 'socialimage': 'https://i0.wp.com/www.thewrap.com/wp-content/uploads/2024/05/jamie-foxx-cameron-diaz-back-in-action.jpg?fit=1200%2C675&quality=89&ssl=1', 'domain': 'thewrap.com', 'language': 'English', 'sourcecountry': 'United States'}"
gdelt_news,gdelt_doc,SPY,"Pegasustan sonra Paragon : İsrail casus yazılımı , WhatsApp kullanıcılarını hedef aldı",20250201T004500Z,https://tr.euronews.com/next/2025/01/31/pegasustan-sonra-paragon-israil-casus-yazilimi-whatsapp-kullanicilarini-hedef-aldi,2025-02-01 00:45:00+00:00,,macro,SPY,"{'url': 'https://tr.euronews.com/next/2025/01/31/pegasustan-sonra-paragon-israil-casus-yazilimi-whatsapp-kullanicilarini-hedef-aldi', 'url_mobile': '', 'title': 'Pegasustan sonra Paragon : İsrail casus yazılımı , WhatsApp kullanıcılarını hedef aldı', 'seendate': '20250201T004500Z', 'socialimage': 'https://static.euronews.com/articles/stories/05/70/27/48/1200x675_cmsv2_861be029-a892-5737-95da-f73465edf46a-5702748.jpg', 'domain': 'tr.euronews.com', 'language': 'Turkish', 'sourcecountry': 'United States'}"
gdelt_news,gdelt_doc,SPY,中國間諜冒稱台灣人 ！ 菲律賓疑遭滲透 當局籲民眾檢舉 - 國際,20250203T000000Z,https://news.ltn.com.tw/news/world/breakingnews/4939299,2025-02-03 00:00:00+00:00,,macro,SPY,"{'url': 'https://news.ltn.com.tw/news/world/breakingnews/4939299', 'url_mobile': 'https://news.ltn.com.tw/amp/news/world/breakingnews/4939299', 'title': '中國間諜冒稱台灣人 ！ 菲律賓疑遭滲透 當局籲民眾檢舉 - 國際', 'seendate': '20250203T000000Z', 'socialimage': 'https://img.ltn.com.tw/Upload/news/600/2025/02/03/4939299_1_1.jpg', 'domain': 'news.ltn.com.tw', 'language': 'Chinese', 'sourcecountry': 'Taiwan'}"
gdelt_news,gdelt_doc,SPY,Brad Pitt and Robert Redford Joined Forces for This Gripping Spy Thriller of Deadly Deception,20250203T000000Z,https://collider.com/brad-pitt-robert-redford-spy-game/,2025-02-03 00:00:00+00:00,,macro,SPY,"{'url': 'https://collider.com/brad-pitt-robert-redford-spy-game/', 'url_mobile': '', 'title': 'Brad Pitt and Robert Redford Joined Forces for This Gripping Spy Thriller of Deadly Deception', 'seendate': '20250203T000000Z', 'socialimage': 'https://static1.colliderimages.com/wordpress/wp-content/uploads/2025/02/spy-game-2001-brad-pitt-robert-redford.jpg', 'domain': 'collider.com', 'language': 'English', 'sourcecountry': 'United States'}"
gdelt_news,gdelt_doc,SPY,滲透社會各層面 菲律賓緊盯中共間諜潛伏者 | 中國 | 中國人 | 中國籍,20250203T130000Z,https://www.ntdtv.com/b5/2025/02/03/a103955485.html,2025-02-03 13:00:00+00:00,,macro,SPY,"{'url': 'https://www.ntdtv.com/b5/2025/02/03/a103955485.html', 'url_mobile': 'https://www.ntdtv.com/b5/2025/02/03/a103955485.html/amp', 'title': '滲透社會各層面 菲律賓緊盯中共間諜潛伏者 | 中國 | 中國人 | 中國籍', 'seendate': '20250203T130000Z', 'socialimage': 'https://i.ntdtv.com/assets/uploads/2025/02/id103955488-3-868x488-1-1200x630.jpg', 'domain': 'ntdtv.com', 'language': 'Chinese', 'sourcecountry': 'China'}"
gdelt_news,gdelt_doc,SPY,Spy x Family Creator Apologizes for Latest Release ( But the Readers Dont Mind ) ,20250203T194500Z,https://comicbook.com/anime/news/spy-x-family-creator-apology-short-chapter/,2025-02-03 19:45:00+00:00,,macro,SPY,"{'url': 'https://comicbook.com/anime/news/spy-x-family-creator-apology-short-chapter/', 'url_mobile': '', 'title': 'Spy x Family Creator Apologizes for Latest Release ( But the Readers Dont Mind ) ', 'seendate': '20250203T194500Z', 'socialimage': 'https://comicbook.com/wp-content/uploads/sites/4/2025/02/spy-x-family-anya-forger.jpeg', 'domain': 'comicbook.com', 'language': 'English', 'sourcecountry': 'United States'}"
gdelt_news,gdelt_doc,SPY,Kayahan  ın kızı Beste Açar boşanıyor ! İhanet böyle ortaya çıktı,20250204T064500Z,https://www.ahaber.com.tr/magazin/2025/02/04/kayahanin-kizi-beste-acar-bosaniyor-ihanet-boyle-ortaya-cikti,2025-02-04 06:45:00+00:00,,macro,SPY,"{'url': 'https://www.ahaber.com.tr/magazin/2025/02/04/kayahanin-kizi-beste-acar-bosaniyor-ihanet-boyle-ortaya-cikti', 'url_mobile': '', 'title': 'Kayahan  ın kızı Beste Açar boşanıyor ! İhanet böyle ortaya çıktı', 'seendate': '20250204T064500Z', 'socialimage': 'https://iahbr.tmgrup.com.tr/2025/02/04/kayahanin-kizi-beste-acar-bosaniyor-1738649019970.jpeg', 'domain': 'ahaber.com.tr', 'language': 'Turkish', 'sourcecountry': 'Turkey'}"
gdelt_news,gdelt_doc,SPY,Kayahan  ın kızı Beste Açar aldatıldığını öğrendi,20250204T074500Z,https://www.ensonhaber.com/magazin/kayahanin-kizi-beste-acar-aldatildigini-ogrendi,2025-02-04 07:45:00+00:00,,macro,SPY,"{'url': 'https://www.ensonhaber.com/magazin/kayahanin-kizi-beste-acar-aldatildigini-ogrendi', 'url_mobile': 'https://www.ensonhaber.com/amp/magazin/kayahanin-kizi-beste-acar-aldatildigini-ogrendi', 'title': 'Kayahan  ın kızı Beste Açar aldatıldığını öğrendi', 'seendate': '20250204T074500Z', 'socialimage': 'https://icdn.ensonhaber.com/crop/1200x675/resimler/diger/kok/2025/02/04/67a1b70536e5d181.jpg', 'domain': 'ensonhaber.com', 'language': 'Turkish', 'sourcecountry': 'Turkey'}"
gdelt_news,gdelt_doc,SPY,Aldatılanlar kervanına o da katıldı,20250204T083000Z,https://magazin.beyazgazete.com/haber/2025/2/4/aldatilanlar-kervanina-o-da-katildi-7155330.html,2025-02-04 08:30:00+00:00,,macro,SPY,"{'url': 'https://magazin.beyazgazete.com/haber/2025/2/4/aldatilanlar-kervanina-o-da-katildi-7155330.html', 'url_mobile': 'https://mobile.beyazgazete.com/haber/aldatilanlar-kervanina-o-da-katildi-7155330.html', 'title': 'Aldatılanlar kervanına o da katıldı', 'seendate': '20250204T083000Z', 'socialimage': '', 'domain': 'magazin.beyazgazete.com', 'language': 'Turkish', 'sourcecountry': 'Turkey'}"
gdelt_news,gdelt_doc,SPY,"Kayahan  ın kızı Beste Açar , aldatıldığını casus programı ile öğrendi",20250204T083000Z,https://www.haberler.com/magazin/kayahan-in-kizi-beste-acar-aldatildigini-casus-18333376-haberi/,2025-02-04 08:30:00+00:00,,macro,SPY,"{'url': 'https://www.haberler.com/magazin/kayahan-in-kizi-beste-acar-aldatildigini-casus-18333376-haberi/', 'url_mobile': 'https://www.haberler.com/amp/kayahan-in-kizi-beste-acar-aldatildigini-casus-18333376-haberi/', 'title': 'Kayahan  ın kızı Beste Açar , aldatıldığını casus programı ile öğrendi', 'seendate': '20250204T083000Z', 'socialimage': 'https://foto.haberler.com/haber/2025/02/04/kayahan-in-kizi-beste-acar-aldatildigini-casus-18333377_8653_amp.jpg', 'domain': 'haberler.com', 'language': 'Turkish', 'sourcecountry': 'Turkey'}"
gdelt_news,gdelt_doc,SPY,Spy x Family : Anya  Horns  May Have a Heartbreaking Explanation,20250204T201500Z,https://comicbook.com/anime/news/spy-x-family-anya-hair-mother/,2025-02-04 20:15:00+00:00,,macro,SPY,"{'url': 'https://comicbook.com/anime/news/spy-x-family-anya-hair-mother/', 'url_mobile': '', 'title': 'Spy x Family : Anya  Horns  May Have a Heartbreaking Explanation', 'seendate': '20250204T201500Z', 'socialimage': 'https://comicbook.com/wp-content/uploads/sites/4/2025/02/Anya-crying-as-seen-in-spy-x-family-with-a-still-from-the-manga-featuring-anya-and-her-mother-in-the-background.jpg', 'domain': 'comicbook.com', 'language': 'English', 'sourcecountry': 'United States'}"
gdelt_news,gdelt_doc,SPY,Rep . Fry reintroduces Chinese Spy Balloon Assessment Act,20250204T224500Z,https://wpde.com/news/local/rep-fry-reintroduces-chinese-spy-balloon-assessment-act,2025-02-04 22:45:00+00:00,,macro,SPY,"{'url': 'https://wpde.com/news/local/rep-fry-reintroduces-chinese-spy-balloon-assessment-act', 'url_mobile': 'https://wpde.com/amp/news/local/rep-fry-reintroduces-chinese-spy-balloon-assessment-act', 'title': 'Rep . Fry reintroduces Chinese Spy Balloon Assessment Act', 'seendate': '20250204T224500Z', 'socialimage': '', 'domain': 'wpde.com', 'language': 'English', 'sourcecountry': 'United States'}"
gdelt_news,gdelt_doc,SPY,بالاترین : محکومیت سرباز سابق بریتانیایی به اتهام جاسوسی برای ایران,20250204T234500Z,https://www.balatarin.com:443/permlink/2025/2/4/6294025,2025-02-04 23:45:00+00:00,,macro,SPY,"{'url': 'https://www.balatarin.com:443/permlink/2025/2/4/6294025', 'url_mobile': '', 'title': 'بالاترین : محکومیت سرباز سابق بریتانیایی به اتهام جاسوسی برای ایران', 'seendate': '20250204T234500Z', 'socialimage': 'https://s3.amazonaws.com/bala.static/links/7e41c377-324e-4310-bf73-2dfcd74ce613-permlink.jpg', 'domain': 'balatarin.com', 'language': 'Persian', 'sourcecountry': 'Iran'}"
gdelt_news,gdelt_doc,SPY,菲方指控  中国间谍  闹乌龙 ， 中方亮出证据 _ 凤凰网,20250205T113000Z,https://news.ifeng.com/c/8gjJ3ErJWNl,2025-02-05 11:30:00+00:00,,macro,SPY,"{'url': 'https://news.ifeng.com/c/8gjJ3ErJWNl', 'url_mobile': '', 'title': '菲方指控  中国间谍  闹乌龙 ， 中方亮出证据 _ 凤凰网', 'seendate': '20250205T113000Z', 'socialimage': 'https://x0.ifengimg.com/ucms/2025_06/0CA73C09C67087B3FF289BC893B39543E34AAD65_size465_w720_h405.png', 'domain': 'news.ifeng.com', 'language': 'Chinese', 'sourcecountry': 'China'}"
gdelt_news,gdelt_doc,SPY,  La Revuelta  enmudeció ante la espía española más joven de la II Guerra Mundial :  No sabíamos lo que hacían los nazis  ,20250206T004500Z,https://www.eldiario.es/vertele/noticias/revuelta-enmudecio-espia-espanola-joven-ii-guerra-mundial-no-sabiamos-hacian-nazis_1_12030341.html,2025-02-06 00:45:00+00:00,,macro,SPY,"{'url': 'https://www.eldiario.es/vertele/noticias/revuelta-enmudecio-espia-espanola-joven-ii-guerra-mundial-no-sabiamos-hacian-nazis_1_12030341.html', 'url_mobile': 'https://www.eldiario.es/vertele/noticias/revuelta-enmudecio-espia-espanola-joven-ii-guerra-mundial-no-sabiamos-hacian-nazis_1_12030341.amp.html', 'title': '  La Revuelta  enmudeció ante la espía española más joven de la II Guerra Mundial :  No sabíamos lo que hacían los nazis  ', 'seendate': '20250206T004500Z', 'socialimage': 'https://static.eldiario.es/clip/9c2bf0c9-459c-469a-b831-e88b56333e77_facebook-vertele-watermarked-aspect-ratio_default_0.jpg', 'domain': 'eldiario.es', 'language': 'Spanish', 'sourcecountry': 'Spain'}"
gdelt_news,gdelt_doc,SPY,菲指控  中国间谍  中使馆亮证据 诬蔑抹黑真相揭晓 _ 军事频道 _ 中华网,20250206T010000Z,https://military.china.com/news/13004177/20250206/47934287.html,2025-02-06 01:00:00+00:00,,macro,SPY,"{'url': 'https://military.china.com/news/13004177/20250206/47934287.html', 'url_mobile': '', 'title': '菲指控  中国间谍  中使馆亮证据 诬蔑抹黑真相揭晓 _ 军事频道 _ 中华网', 'seendate': '20250206T010000Z', 'socialimage': '', 'domain': 'military.china.com', 'language': 'Chinese', 'sourcecountry': 'China'}"
gdelt_news,gdelt_doc,SPY,フェラーリ初のEV 、「 ユニークな運転のスリル 」 を引っさげて 、 ついに10月9日デビューか !?― スポニチ Sponichi Annex クルマ,20250206T074500Z,https://www.sponichi.co.jp/car/news/2025/02/06/kiji/20250206c00045SCE003000c.html,2025-02-06 07:45:00+00:00,,macro,SPY,"{'url': 'https://www.sponichi.co.jp/car/news/2025/02/06/kiji/20250206c00045SCE003000c.html', 'url_mobile': 'https://www.sponichi.co.jp/car/news/2025/02/06/kiji/20250206c00045SCE003000c.html?amp=1', 'title': 'フェラーリ初のEV 、「 ユニークな運転のスリル 」 を引っさげて 、 ついに10月9日デビューか !?― スポニチ Sponichi Annex クルマ', 'seendate': '20250206T074500Z', 'socialimage': 'https://www.sponichi.co.jp/car/news/2025/02/06/jpeg/20250206c01045SCE003000p_view.webp', 'domain': 'sponichi.co.jp', 'language': 'Japanese', 'sourcecountry': 'Japan'}"
gdelt_news,gdelt_doc,SPY,Aldatılanlar kervanına o da katıldı,20250206T081500Z,"https://magazin.beyazgazete.com/haber/2025/2/4/aldatilanlar-kervanina-o-da-katildi-7155330.html,https://magazin.beyazgazete.com/haber/2025/2/4/aldatilanlar-kervanina-o-da-katildi-7155330.html",2025-02-06 08:15:00+00:00,,macro,SPY,"{'url': 'https://magazin.beyazgazete.com/haber/2025/2/4/aldatilanlar-kervanina-o-da-katildi-7155330.html,https://magazin.beyazgazete.com/haber/2025/2/4/aldatilanlar-kervanina-o-da-katildi-7155330.html', 'url_mobile': 'https://mobile.beyazgazete.com/haber/aldatilanlar-kervanina-o-da-katildi-7155330.html', 'title': 'Aldatılanlar kervanına o da katıldı', 'seendate': '20250206T081500Z', 'socialimage': '', 'domain': 'magazin.beyazgazete.com', 'language': 'Turkish', 'sourcecountry': 'Turkey'}"
gdelt_news,gdelt_doc,SPY,WhatsAppta casus yazýlým ! 7 Ýtalyan  ý hedef aldýlar,20250206T083000Z,https://www.star.com.tr/dunya/whatsappta-casus-lim-7-italyani-hedef-aldilar-haber-1923439/,2025-02-06 08:30:00+00:00,,macro,SPY,"{'url': 'https://www.star.com.tr/dunya/whatsappta-casus-lim-7-italyani-hedef-aldilar-haber-1923439/', 'url_mobile': 'https://m.star.com.tr/amp/dunya/whatsappta-casus-lim-7-italyani-hedef-aldilar-haber-1923439/', 'title': 'WhatsAppta casus yazýlým ! 7 Ýtalyan  ý hedef aldýlar', 'seendate': '20250206T083000Z', 'socialimage': 'https://imgs.stargazete.com/imgsdisk/2025/02/06/whatsappta-casus-lim-7-it-132_2-41.jpg', 'domain': 'star.com.tr', 'language': 'Turkish', 'sourcecountry': 'Turkey'}"
gdelt_news,gdelt_doc,SPY,捷途山海L8谍照曝光 今年上市,20250206T091500Z,https://auto.zol.com.cn/946/9463456.html,2025-02-06 09:15:00+00:00,,macro,SPY,"{'url': 'https://auto.zol.com.cn/946/9463456.html', 'url_mobile': 'https://m.zol.com.cn/article/9463456.html', 'title': '捷途山海L8谍照曝光 今年上市', 'seendate': '20250206T091500Z', 'socialimage': '', 'domain': 'auto.zol.com.cn', 'language': 'Chinese', 'sourcecountry': 'China'}"
gdelt_news,gdelt_doc,SPY,Casus yazýlým üzerinden hedef alýndýlar ... Ýtalyada Ulusal Siber Güvenlik Ajansý harekete geçti,20250206T093000Z,https://www.aksam.com.tr/teknoloji/casus-lim-uzerinden-hedef-alindilar-italyada-ulusal-siber-guvenlik-ajansi-harekete-gecti/haber-1544047,2025-02-06 09:30:00+00:00,,macro,SPY,"{'url': 'https://www.aksam.com.tr/teknoloji/casus-lim-uzerinden-hedef-alindilar-italyada-ulusal-siber-guvenlik-ajansi-harekete-gecti/haber-1544047', 'url_mobile': 'https://m.aksam.com.tr/amp/teknoloji/casus-lim-uzerinden-hedef-alindilar-italyada-ulusal-siber-guvenlik-ajansi-harekete-gecti/haber-1544047', 'title': 'Casus yazýlým üzerinden hedef alýndýlar ... Ýtalyada Ulusal Siber Güvenlik Ajansý harekete geçti', 'seendate': '20250206T093000Z', 'socialimage': 'https://img3.aksam.com.tr/imgsdisk/2025/02/06/t25_casus-lim-uzerinden-hedef-802.jpg', 'domain': 'aksam.com.tr', 'language': 'Turkish', 'sourcecountry': 'Turkey'}"
gdelt_news,gdelt_doc,SPY,"Yunanistanda , WhatsApp kullanıcılarının İsrailli bir şirketin casus yazılımıyla hedef alındığı iddia edildi",20250206T141500Z,https://www.aa.com.tr/tr/dunya/yunanistanda-whatsapp-kullanicilarinin-israilli-bir-sirketin-casus-yazilimiyla-hedef-alindigi-iddia-edildi/3473978,2025-02-06 14:15:00+00:00,,macro,SPY,"{'url': 'https://www.aa.com.tr/tr/dunya/yunanistanda-whatsapp-kullanicilarinin-israilli-bir-sirketin-casus-yazilimiyla-hedef-alindigi-iddia-edildi/3473978', 'url_mobile': '', 'title': 'Yunanistanda , WhatsApp kullanıcılarının İsrailli bir şirketin casus yazılımıyla hedef alındığı iddia edildi', 'seendate': '20250206T141500Z', 'socialimage': 'https://cdnuploads.aa.com.tr/uploads/Contents/2025/02/06/thumbs_b_c_b930acdc82070c92fa574cbc0d91ce8f.jpg?v=162108', 'domain': 'aa.com.tr', 'language': 'Turkish', 'sourcecountry': 'Turkey'}"
gdelt_news,gdelt_doc,SPY,My Spy - Film4 HD | TV Guide,20250206T141500Z,https://www.tvguide.co.uk/schedule/6ca04ba4-da53-517e-94bd-aceb8cffee37/my-spy,2025-02-06 14:15:00+00:00,,macro,SPY,"{'url': 'https://www.tvguide.co.uk/schedule/6ca04ba4-da53-517e-94bd-aceb8cffee37/my-spy', 'url_mobile': '', 'title': 'My Spy - Film4 HD | TV Guide', 'seendate': '20250206T141500Z', 'socialimage': 'https://tv.assets.pressassociation.io/631dd1ab-b95a-56c2-8a92-94131e537000.jpg', 'domain': 'tvguide.co.uk', 'language': 'English', 'sourcecountry': 'United Kingdom'}"
gdelt_news,gdelt_doc,SPY,İtalya : Paragon casus yazılımı Avrupa genelini hedef aldı,20250206T201500Z,https://www.donanimhaber.com/italya-paragon-casus-yazilimi-avrupa-genelini-hedef-aldi--187457,2025-02-06 20:15:00+00:00,,macro,SPY,"{'url': 'https://www.donanimhaber.com/italya-paragon-casus-yazilimi-avrupa-genelini-hedef-aldi--187457', 'url_mobile': 'https://www.donanimhaber.com/amp/italya-paragon-casus-yazilimi-avrupa-genelini-hedef-aldi--187457', 'title': 'İtalya : Paragon casus yazılımı Avrupa genelini hedef aldı', 'seendate': '20250206T201500Z', 'socialimage': '', 'domain': 'donanimhaber.com', 'language': 'Turkish', 'sourcecountry': 'Turkey'}"
gdelt_news,gdelt_doc,SPY,  没想到你们这么快  48小时内叛变涉密人员被抓获|干警 _ 新浪财经 _ 新浪网,20250207T000000Z,https://finance.sina.com.cn/jjxw/2025-02-07/doc-ineiqzhn0381011.shtml,2025-02-07 00:00:00+00:00,,macro,SPY,"{'url': 'https://finance.sina.com.cn/jjxw/2025-02-07/doc-ineiqzhn0381011.shtml', 'url_mobile': '', 'title': '  没想到你们这么快  48小时内叛变涉密人员被抓获|干警 _ 新浪财经 _ 新浪网', 'seendate': '20250207T000000Z', 'socialimage': 'https://n.sinaimg.cn/default/feedbackpics/transform/116/w550h366/20180418/7RAA-fzihnep5208659.png', 'domain': 'finance.sina.com.cn', 'language': 'Chinese', 'sourcecountry': 'China'}"
gdelt_news,gdelt_doc,SPY,国家安全机关破获一起主动投靠境外间谍情报机关的重大案件 - 新华网,20250207T000000Z,http://www.news.cn/legal/20250207/f07cf1b62d024edb86c0709ce8139942/c.html,2025-02-07 00:00:00+00:00,,macro,SPY,"{'url': 'http://www.news.cn/legal/20250207/f07cf1b62d024edb86c0709ce8139942/c.html', 'url_mobile': '', 'title': '国家安全机关破获一起主动投靠境外间谍情报机关的重大案件 - 新华网', 'seendate': '20250207T000000Z', 'socialimage': '', 'domain': 'news.cn', 'language': 'Chinese', 'sourcecountry': 'China'}"
gdelt_news,gdelt_doc,SPY,国家安全机关破获一起主动投靠境外间谍情报机关的重大案件,20250207T003000Z,http://news.china.com.cn/2025-02/07/content_117699473.shtml,2025-02-07 00:30:00+00:00,,macro,SPY,"{'url': 'http://news.china.com.cn/2025-02/07/content_117699473.shtml', 'url_mobile': '', 'title': '国家安全机关破获一起主动投靠境外间谍情报机关的重大案件', 'seendate': '20250207T003000Z', 'socialimage': '', 'domain': 'news.china.com.cn', 'language': 'Chinese', 'sourcecountry': 'China'}"
gdelt_news,gdelt_doc,SPY,国家安全机关破获一起重大间谍案件 ！ 详情披露→,20250207T004500Z,https://finance.sina.com.cn/tech/roll/2025-02-07/doc-ineirfqh0828144.shtml,2025-02-07 00:45:00+00:00,,macro,SPY,"{'url': 'https://finance.sina.com.cn/tech/roll/2025-02-07/doc-ineirfqh0828144.shtml', 'url_mobile': '', 'title': '国家安全机关破获一起重大间谍案件 ！ 详情披露→', 'seendate': '20250207T004500Z', 'socialimage': '', 'domain': 'finance.sina.com.cn', 'language': 'Chinese', 'sourcecountry': 'China'}"
gdelt_news,gdelt_doc,SPY,  没想到你们这么快 ， 48小时内叛变涉密人员被抓获 _ 南方网,20250207T010000Z,https://news.southcn.com/node_179d29f1ce/3845bb42a8.shtml,2025-02-07 01:00:00+00:00,,macro,SPY,"{'url': 'https://news.southcn.com/node_179d29f1ce/3845bb42a8.shtml', 'url_mobile': '', 'title': '  没想到你们这么快 ， 48小时内叛变涉密人员被抓获 _ 南方网', 'seendate': '20250207T010000Z', 'socialimage': 'https://nfcms-mainsiteoss.southcn.com/nfw/__tpl_asset/68e544a3d8.jpg', 'domain': 'news.southcn.com', 'language': 'Chinese', 'sourcecountry': 'China'}"
gdelt_news,gdelt_doc,SPY,国家安全机关破获一起主动投靠境外间谍情报机关的重大案件 - 西部网 （ 陕西新闻网 ） ,20250207T014500Z,http://news.cnwest.com/tianxia/a/2025/02/07/22981607.html,2025-02-07 01:45:00+00:00,,macro,SPY,"{'url': 'http://news.cnwest.com/tianxia/a/2025/02/07/22981607.html', 'url_mobile': 'http://m.cnwest.com/tianxia/a/1970/01/01/2.html', 'title': '国家安全机关破获一起主动投靠境外间谍情报机关的重大案件 - 西部网 （ 陕西新闻网 ） ', 'seendate': '20250207T014500Z', 'socialimage': '', 'domain': 'news.cnwest.com', 'language': 'Chinese', 'sourcecountry': 'China'}"
gdelt_news,gdelt_doc,SPY,国家安全机关破获一起主动投靠境外间谍情报机关的重大案件 新京报,20250207T014500Z,https://www.bjnews.com.cn/detail/1738845146129058.html,2025-02-07 01:45:00+00:00,,macro,SPY,"{'url': 'https://www.bjnews.com.cn/detail/1738845146129058.html', 'url_mobile': '', 'title': '国家安全机关破获一起主动投靠境外间谍情报机关的重大案件 新京报', 'seendate': '20250207T014500Z', 'socialimage': '', 'domain': 'bjnews.com.cn', 'language': 'Chinese', 'sourcecountry': 'China'}"
gdelt_news,gdelt_doc,SPY,国家安全机关破获一起主动投靠境外间谍情报机关案件,20250207T020000Z,http://news.china.com.cn/2025-02/07/content_117699516.shtml,2025-02-07 02:00:00+00:00,,macro,SPY,"{'url': 'http://news.china.com.cn/2025-02/07/content_117699516.shtml', 'url_mobile': '', 'title': '国家安全机关破获一起主动投靠境外间谍情报机关案件', 'seendate': '20250207T020000Z', 'socialimage': '', 'domain': 'news.china.com.cn', 'language': 'Chinese', 'sourcecountry': 'China'}"
gdelt_news,gdelt_doc,SPY,国家安全机关破获一起主动投靠境外间谍情报机关的重大案件 _ 广州日报大洋网,20250207T023000Z,https://news.dayoo.com/society/202502/07/140000_54783732.htm,2025-02-07 02:30:00+00:00,,macro,SPY,"{'url': 'https://news.dayoo.com/society/202502/07/140000_54783732.htm', 'url_mobile': '', 'title': '国家安全机关破获一起主动投靠境外间谍情报机关的重大案件 _ 广州日报大洋网', 'seendate': '20250207T023000Z', 'socialimage': '', 'domain': 'news.dayoo.com', 'language': 'Chinese', 'sourcecountry': 'China'}"
gdelt_news,gdelt_doc,SPY,国家安全机关破获一起主动投靠境外间谍情报机关的重大案件 - 国内频道 - 内蒙古新闻网,20250207T030000Z,https://china.nmgnews.com.cn/system/2025/02/07/030094684.shtml,2025-02-07 03:00:00+00:00,,macro,SPY,"{'url': 'https://china.nmgnews.com.cn/system/2025/02/07/030094684.shtml', 'url_mobile': '', 'title': '国家安全机关破获一起主动投靠境外间谍情报机关的重大案件 - 国内频道 - 内蒙古新闻网', 'seendate': '20250207T030000Z', 'socialimage': '', 'domain': 'china.nmgnews.com.cn', 'language': 'Chinese', 'sourcecountry': 'China'}"
gdelt_news,gdelt_doc,SPY,间谍正讨价还价一抬头警察就在眼前 ， 间谍投敌不到48小时就被抓 _ 军事频道 _ 中华网,20250207T030000Z,https://military.china.com/news/13004177/20250207/47940705.html,2025-02-07 03:00:00+00:00,,macro,SPY,"{'url': 'https://military.china.com/news/13004177/20250207/47940705.html', 'url_mobile': '', 'title': '间谍正讨价还价一抬头警察就在眼前 ， 间谍投敌不到48小时就被抓 _ 军事频道 _ 中华网', 'seendate': '20250207T030000Z', 'socialimage': '', 'domain': 'military.china.com', 'language': 'Chinese', 'sourcecountry': 'China'}"
gdelt_news,gdelt_doc,SPY,涉密人员投敌叛变48小时内被抓获 ： 没想到你们这么快,20250207T030000Z,https://news.ycwb.com/2025-02/07/content_53224349.htm,2025-02-07 03:00:00+00:00,,macro,SPY,"{'url': 'https://news.ycwb.com/2025-02/07/content_53224349.htm', 'url_mobile': '', 'title': '涉密人员投敌叛变48小时内被抓获 ： 没想到你们这么快', 'seendate': '20250207T030000Z', 'socialimage': 'https://www.ycwb.com/images/jyw_QQWeChat_transmit.jpg', 'domain': 'news.ycwb.com', 'language': 'Chinese', 'sourcecountry': 'China'}"
gdelt_news,gdelt_doc,SPY,国家安全机关破获一起主动投靠境外间谍情报机关的重大案件 - 中新网,20250207T040000Z,https://www.chinanews.com.cn/gn/2025/02-07/10364422.shtml,2025-02-07 04:00:00+00:00,,macro,SPY,"{'url': 'https://www.chinanews.com.cn/gn/2025/02-07/10364422.shtml', 'url_mobile': '', 'title': '国家安全机关破获一起主动投靠境外间谍情报机关的重大案件 - 中新网', 'seendate': '20250207T040000Z', 'socialimage': '', 'domain': 'chinanews.com.cn', 'language': 'Chinese', 'sourcecountry': 'China'}"
gdelt_news,gdelt_doc,SPY,陸涉密人員被吸收成間諜48小時內被逮 哀嘆 ： 沒想到你們這麼快 | ETtoday大陸新聞,20250207T040000Z,https://www.ettoday.net/news/20250207/2904470.htm,2025-02-07 04:00:00+00:00,,macro,SPY,"{'url': 'https://www.ettoday.net/news/20250207/2904470.htm', 'url_mobile': 'https://www.ettoday.net/amp/amp_news.php7?news_id=2904470', 'title': '陸涉密人員被吸收成間諜48小時內被逮 哀嘆 ： 沒想到你們這麼快 | ETtoday大陸新聞', 'seendate': '20250207T040000Z', 'socialimage': 'https://cdn2.ettoday.net/images/3660/e3660489.jpg', 'domain': 'ettoday.net', 'language': 'Chinese', 'sourcecountry': 'Taiwan'}"
gdelt_news,gdelt_doc,SPY,保时捷卡宴纯电版谍照曝光 ： 或将替代汽油版车型,20250207T091500Z,https://auto.zol.com.cn/946/9466926.html,2025-02-07 09:15:00+00:00,,macro,SPY,"{'url': 'https://auto.zol.com.cn/946/9466926.html', 'url_mobile': 'https://m.zol.com.cn/article/9466926.html', 'title': '保时捷卡宴纯电版谍照曝光 ： 或将替代汽油版车型', 'seendate': '20250207T091500Z', 'socialimage': '', 'domain': 'auto.zol.com.cn', 'language': 'Chinese', 'sourcecountry': 'China'}"
gdelt_news,gdelt_doc,SPY,中國一涉密人員主動出賣情報未遂 48小時內被捕 | 頭條,20250207T110000Z,http://www.hkcna.hk/docDetail.jsp?id=100908680&channel=100,2025-02-07 11:00:00+00:00,,macro,SPY,"{'url': 'http://www.hkcna.hk/docDetail.jsp?id=100908680&channel=100', 'url_mobile': '', 'title': '中國一涉密人員主動出賣情報未遂 48小時內被捕 | 頭條', 'seendate': '20250207T110000Z', 'socialimage': '', 'domain': 'hkcna.hk', 'language': 'Chinese', 'sourcecountry': 'Hong Kong'}"
gdelt_news,gdelt_doc,SPY,涉密人员叛变48小时内被抓获 重大间谍案件告破 _ 新闻频道 _ 中华网,20250207T114500Z,https://news.china.com/socialgd/10000169/20250207/47943258.html,2025-02-07 11:45:00+00:00,,macro,SPY,"{'url': 'https://news.china.com/socialgd/10000169/20250207/47943258.html', 'url_mobile': '', 'title': '涉密人员叛变48小时内被抓获 重大间谍案件告破 _ 新闻频道 _ 中华网', 'seendate': '20250207T114500Z', 'socialimage': '', 'domain': 'news.china.com', 'language': 'Chinese', 'sourcecountry': 'China'}"
gdelt_news,gdelt_doc,SPY,義國政府疑用Paragon間諜軟體監控記者 、 異議人士 ， 業者急切割,20250207T114500Z,https://www.ithome.com.tw/news/167253,2025-02-07 11:45:00+00:00,,macro,SPY,"{'url': 'https://www.ithome.com.tw/news/167253', 'url_mobile': '', 'title': '義國政府疑用Paragon間諜軟體監控記者 、 異議人士 ， 業者急切割', 'seendate': '20250207T114500Z', 'socialimage': 'https://s4.itho.me/sites/default/files/field/image/0207_whatsapp_back_bei_jing_tu_pian_qu_zi_tim_hufner_on_unsplash.jpg', 'domain': 'ithome.com.tw', 'language': 'Chinese', 'sourcecountry': 'Taiwan'}"
gdelt_news,gdelt_doc,SPY,  I Remember Exactly The Moment : Spy Kid Mr . Floop Actor Emotionally Reflects On His Role & The  Lovely  Way It Changed His Stardom Forever,20250207T144500Z,https://screenrant.com/spy-kids-movie-mr-floop-alan-cumming-impact-factoid/,2025-02-07 14:45:00+00:00,,macro,SPY,"{'url': 'https://screenrant.com/spy-kids-movie-mr-floop-alan-cumming-impact-factoid/', 'url_mobile': '', 'title': '  I Remember Exactly The Moment : Spy Kid Mr . Floop Actor Emotionally Reflects On His Role & The  Lovely  Way It Changed His Stardom Forever', 'seendate': '20250207T144500Z', 'socialimage': 'https://static1.srcdn.com/wordpress/wp-content/uploads/2025/02/alan-cumming-as-mr-floop-narrowing-his-eyes-in-spy-kids.jpg', 'domain': 'screenrant.com', 'language': 'English', 'sourcecountry': 'United States'}"
gdelt_news,gdelt_doc,SPY,Jeep Cherokee : le foto spia di un nuovo modello,20250207T153000Z,https://www.tecnoandroid.it/2025/02/07/jeep-cherokee-le-foto-spia-di-un-nuovo-modello-1520170/,2025-02-07 15:30:00+00:00,,macro,SPY,"{'url': 'https://www.tecnoandroid.it/2025/02/07/jeep-cherokee-le-foto-spia-di-un-nuovo-modello-1520170/', 'url_mobile': 'https://www.tecnoandroid.it/2025/02/07/jeep-cherokee-le-foto-spia-di-un-nuovo-modello-1520170/amp/', 'title': 'Jeep Cherokee : le foto spia di un nuovo modello', 'seendate': '20250207T153000Z', 'socialimage': 'https://www.tecnoandroid.it/wp-content/uploads/2024/06/Copia-di-RV-2024-06-04T131117.379.jpg', 'domain': 'tecnoandroid.it', 'language': 'Italian', 'sourcecountry': 'Italy'}"
gdelt_news,gdelt_doc,SPY,车身尺寸加大 ！ 燃油 、 混动可选 ， 贯穿式尾灯 ， 还有两块屏 ！ ,20250208T004500Z,https://finance.sina.com.cn/wm/2025-02-08/doc-ineitqvi2506913.shtml,2025-02-08 00:45:00+00:00,,macro,SPY,"{'url': 'https://finance.sina.com.cn/wm/2025-02-08/doc-ineitqvi2506913.shtml', 'url_mobile': '', 'title': '车身尺寸加大 ！ 燃油 、 混动可选 ， 贯穿式尾灯 ， 还有两块屏 ！ ', 'seendate': '20250208T004500Z', 'socialimage': 'https://n.sinaimg.cn/sinakd20250208s/200/w500h500/20250208/f054-88f85f00980b9489ee330569aaf26b78.jpg', 'domain': 'finance.sina.com.cn', 'language': 'Chinese', 'sourcecountry': 'China'}"
gdelt_news,gdelt_doc,SPY,美在菲律宾外交人员硬扯中国 ！ 我使馆驳斥 污蔑菲执法人员与  中国间谍  合作 _ 军事频道 _ 中华网,20250208T060000Z,https://military.china.com/news/13004177/20250208/47944952.html,2025-02-08 06:00:00+00:00,,macro,SPY,"{'url': 'https://military.china.com/news/13004177/20250208/47944952.html', 'url_mobile': '', 'title': '美在菲律宾外交人员硬扯中国 ！ 我使馆驳斥 污蔑菲执法人员与  中国间谍  合作 _ 军事频道 _ 中华网', 'seendate': '20250208T060000Z', 'socialimage': '', 'domain': 'military.china.com', 'language': 'Chinese', 'sourcecountry': 'China'}"
gdelt_news,gdelt_doc,SPY,捷豹Type 00量产版谍照曝光 ： 预计售价超94万,20250208T080000Z,https://auto.zol.com.cn/946/9469875.html,2025-02-08 08:00:00+00:00,,macro,SPY,"{'url': 'https://auto.zol.com.cn/946/9469875.html', 'url_mobile': 'https://m.zol.com.cn/article/9469875.html', 'title': '捷豹Type 00量产版谍照曝光 ： 预计售价超94万', 'seendate': '20250208T080000Z', 'socialimage': '', 'domain': 'auto.zol.com.cn', 'language': 'Chinese', 'sourcecountry': 'China'}"
gdelt_news,gdelt_doc,SPY,吉利全新轿车谍照曝光 外观很科幻,20250208T080000Z,https://auto.zol.com.cn/946/9469871.html,2025-02-08 08:00:00+00:00,,macro,SPY,"{'url': 'https://auto.zol.com.cn/946/9469871.html', 'url_mobile': 'https://m.zol.com.cn/article/9469871.html', 'title': '吉利全新轿车谍照曝光 外观很科幻', 'seendate': '20250208T080000Z', 'socialimage': '', 'domain': 'auto.zol.com.cn', 'language': 'Chinese', 'sourcecountry': 'China'}"
gdelt_news,gdelt_doc,SPY,"Funcționar de la ambasada britanică , spion pentru Moscova",20250208T120000Z,https://evz.ro/functionar-de-la-ambasada-britanica-spion-pentru-moscova.html,2025-02-08 12:00:00+00:00,,macro,SPY,"{'url': 'https://evz.ro/functionar-de-la-ambasada-britanica-spion-pentru-moscova.html', 'url_mobile': 'https://evz.ro/functionar-de-la-ambasada-britanica-spion-pentru-moscova.html/amp', 'title': 'Funcționar de la ambasada britanică , spion pentru Moscova', 'seendate': '20250208T120000Z', 'socialimage': 'https://media.evz.ro/wp-content/uploads/2025/02/Screen-Shot-2024-12-17-at-12.33.00.jpg', 'domain': 'evz.ro', 'language': 'Romanian', 'sourcecountry': 'Romania'}"
gdelt_news,gdelt_doc,SPY,Spy x Family Cliffhanger Teases the Dark Roots Behind Anya Biological Family,20250208T140000Z,https://screenrant.com/spy-x-family-anya-mother-hospital-experiment-theory/,2025-02-08 14:00:00+00:00,,macro,SPY,"{'url': 'https://screenrant.com/spy-x-family-anya-mother-hospital-experiment-theory/', 'url_mobile': '', 'title': 'Spy x Family Cliffhanger Teases the Dark Roots Behind Anya Biological Family', 'seendate': '20250208T140000Z', 'socialimage': 'https://static1.srcdn.com/wordpress/wp-content/uploads/2022/05/Screen-Shot-2022-05-02-at-9.31.45-PM-copy.png', 'domain': 'screenrant.com', 'language': 'English', 'sourcecountry': 'United States'}"
gdelt_news,gdelt_doc,SPY,退休  老冯  被境外间谍拉下水 自己窃密还发展下线 _ 新闻频道 _ 中华网,20250209T020000Z,https://news.china.com/domestic/945/20250209/47948502.html,2025-02-09 02:00:00+00:00,,macro,SPY,"{'url': 'https://news.china.com/domestic/945/20250209/47948502.html', 'url_mobile': '', 'title': '退休  老冯  被境外间谍拉下水 自己窃密还发展下线 _ 新闻频道 _ 中华网', 'seendate': '20250209T020000Z', 'socialimage': '', 'domain': 'news.china.com', 'language': 'Chinese', 'sourcecountry': 'China'}"
gdelt_news,gdelt_doc,SPY,Bear Market Watch : 2 ETFs to Hedge Against Volatility,20250209T024500Z,https://finance.yahoo.com/news/bear-market-watch-2-etfs-203808224.html,2025-02-09 02:45:00+00:00,,macro,SPY,"{'url': 'https://finance.yahoo.com/news/bear-market-watch-2-etfs-203808224.html', 'url_mobile': '', 'title': 'Bear Market Watch : 2 ETFs to Hedge Against Volatility', 'seendate': '20250209T024500Z', 'socialimage': 'https://media.zenfs.com/en/indexuniverse.com/f262060ef11e183d1f388f3bbd85c781', 'domain': 'finance.yahoo.com', 'language': 'English', 'sourcecountry': 'United States'}"
gdelt_news,gdelt_doc,SPY,吉利全新旗舰电混轿车谍照曝光 ！ 或搭载雷神超级电混系统,20250209T040000Z,https://auto.zol.com.cn/947/9471894.html,2025-02-09 04:00:00+00:00,,macro,SPY,"{'url': 'https://auto.zol.com.cn/947/9471894.html', 'url_mobile': 'https://m.zol.com.cn/article/9471894.html', 'title': '吉利全新旗舰电混轿车谍照曝光 ！ 或搭载雷神超级电混系统', 'seendate': '20250209T040000Z', 'socialimage': '', 'domain': 'auto.zol.com.cn', 'language': 'Chinese', 'sourcecountry': 'China'}"
gdelt_news,gdelt_doc,SPY,奔驰CLA纯电国内路试谍照曝光 ： 整车质感满满,20250209T053000Z,https://auto.zol.com.cn/947/9472214.html,2025-02-09 05:30:00+00:00,,macro,SPY,"{'url': 'https://auto.zol.com.cn/947/9472214.html', 'url_mobile': 'https://m.zol.com.cn/article/9472214.html', 'title': '奔驰CLA纯电国内路试谍照曝光 ： 整车质感满满', 'seendate': '20250209T053000Z', 'socialimage': '', 'domain': 'auto.zol.com.cn', 'language': 'Chinese', 'sourcecountry': 'China'}"
gdelt_news,gdelt_doc,SPY,My Spy - Film4 HD | TV Guide,20250209T094500Z,https://www.tvguide.co.uk/schedule/cc981afa-7123-591e-9eae-e9394dfd3245/my-spy,2025-02-09 09:45:00+00:00,,macro,SPY,"{'url': 'https://www.tvguide.co.uk/schedule/cc981afa-7123-591e-9eae-e9394dfd3245/my-spy', 'url_mobile': '', 'title': 'My Spy - Film4 HD | TV Guide', 'seendate': '20250209T094500Z', 'socialimage': 'https://tv.assets.pressassociation.io/631dd1ab-b95a-56c2-8a92-94131e537000.jpg', 'domain': 'tvguide.co.uk', 'language': 'English', 'sourcecountry': 'United Kingdom'}"
gdelt_news,gdelt_doc,SPY,How to Prevent Espionage in Civ 7,20250209T174500Z,https://gamerant.com/civilization-vii-civ-7-how-prevent-espionage-counter-spy/,2025-02-09 17:45:00+00:00,,macro,SPY,"{'url': 'https://gamerant.com/civilization-vii-civ-7-how-prevent-espionage-counter-spy/', 'url_mobile': '', 'title': 'How to Prevent Espionage in Civ 7', 'seendate': '20250209T174500Z', 'socialimage': 'https://static0.gamerantimages.com/wordpress/wp-content/uploads/2025/02/counter-spy-guide-civ-7.jpg', 'domain': 'gamerant.com', 'language': 'English', 'sourcecountry': 'United States'}"
gdelt_news,gdelt_doc,SPY,Финляндия направила самолет - разведчик к месту повреждения танкера в Усть - Луге,20250209T183000Z,https://www.interfax.ru/russia/1007084,2025-02-09 18:30:00+00:00,,macro,SPY,"{'url': 'https://www.interfax.ru/russia/1007084', 'url_mobile': 'https://www.interfax.ru/amp/1007084', 'title': 'Финляндия направила самолет - разведчик к месту повреждения танкера в Усть - Луге', 'seendate': '20250209T183000Z', 'socialimage': 'https://www.interfax.ru/aspimg/1007084.png', 'domain': 'interfax.ru', 'language': 'Russian', 'sourcecountry': 'Russia'}"
gdelt_news,gdelt_doc,SPY,捷途山海L9谍照曝光 捷途旗舰新车上市在即,20250210T063000Z,https://auto.zol.com.cn/948/9480209.html,2025-02-10 06:30:00+00:00,,macro,SPY,"{'url': 'https://auto.zol.com.cn/948/9480209.html', 'url_mobile': 'https://m.zol.com.cn/article/9480209.html', 'title': '捷途山海L9谍照曝光 捷途旗舰新车上市在即', 'seendate': '20250210T063000Z', 'socialimage': '', 'domain': 'auto.zol.com.cn', 'language': 'Chinese', 'sourcecountry': 'China'}"
gdelt_news,gdelt_doc,SPY,竟敢跟豪车比颜值 ！ 奇瑞全新旗舰SUV谍照曝光,20250210T080000Z,https://auto.zol.com.cn/948/9480572.html,2025-02-10 08:00:00+00:00,,macro,SPY,"{'url': 'https://auto.zol.com.cn/948/9480572.html', 'url_mobile': 'https://m.zol.com.cn/article/9480572.html', 'title': '竟敢跟豪车比颜值 ！ 奇瑞全新旗舰SUV谍照曝光', 'seendate': '20250210T080000Z', 'socialimage': '', 'domain': 'auto.zol.com.cn', 'language': 'Chinese', 'sourcecountry': 'China'}"
gdelt_news,gdelt_doc,SPY,疑似新款捷途山海L9谍照曝光 全新零重力座椅等配置抢眼,20250210T080000Z,https://auto.zol.com.cn/948/9480573.html,2025-02-10 08:00:00+00:00,,macro,SPY,"{'url': 'https://auto.zol.com.cn/948/9480573.html', 'url_mobile': 'https://m.zol.com.cn/article/9480573.html', 'title': '疑似新款捷途山海L9谍照曝光 全新零重力座椅等配置抢眼', 'seendate': '20250210T080000Z', 'socialimage': '', 'domain': 'auto.zol.com.cn', 'language': 'Chinese', 'sourcecountry': 'China'}"
gdelt_news,gdelt_doc,SPY,图说汽车全新捷途山海L9谍照曝光 2+2+2大六座设计抢眼,20250210T081500Z,https://auto.zol.com.cn/948/9480563.html,2025-02-10 08:15:00+00:00,,macro,SPY,"{'url': 'https://auto.zol.com.cn/948/9480563.html', 'url_mobile': 'https://m.zol.com.cn/article/9480563.html', 'title': '图说汽车全新捷途山海L9谍照曝光 2+2+2大六座设计抢眼', 'seendate': '20250210T081500Z', 'socialimage': '', 'domain': 'auto.zol.com.cn', 'language': 'Chinese', 'sourcecountry': 'China'}"
gdelt_news,gdelt_doc,SPY,日産 「 アリア 」 の兄弟車はファストバックスタイルでアリアNISMOを超える600馬力仕様も !? アルピーヌ 「 A390 」 の市販型がテスト中 ！― スポニチ Sponichi Annex クルマ,20250210T091500Z,https://www.sponichi.co.jp/car/news/2025/02/10/kiji/20250210c00045SCE006000c.html,2025-02-10 09:15:00+00:00,,macro,SPY,"{'url': 'https://www.sponichi.co.jp/car/news/2025/02/10/kiji/20250210c00045SCE006000c.html', 'url_mobile': 'https://www.sponichi.co.jp/car/news/2025/02/10/kiji/20250210c00045SCE006000c.html?amp=1', 'title': '日産 「 アリア 」 の兄弟車はファストバックスタイルでアリアNISMOを超える600馬力仕様も !? アルピーヌ 「 A390 」 の市販型がテスト中 ！― スポニチ Sponichi Annex クルマ', 'seendate': '20250210T091500Z', 'socialimage': 'https://www.sponichi.co.jp/car/news/2025/02/10/jpeg/20250210c01045SCE006000p_view.webp', 'domain': 'sponichi.co.jp', 'language': 'Japanese', 'sourcecountry': 'Japan'}"
gdelt_news,gdelt_doc,SPY,Британский самолет - разведчик пролетел вдоль российских границ,20250210T171500Z,https://1prime.ru/20250210/razvedchik-854825225.html,2025-02-10 17:15:00+00:00,,macro,SPY,"{'url': 'https://1prime.ru/20250210/razvedchik-854825225.html', 'url_mobile': 'https://1prime.ru/amp/20250210/razvedchik-854825225.html', 'title': 'Британский самолет - разведчик пролетел вдоль российских границ', 'seendate': '20250210T171500Z', 'socialimage': 'https://cdnn.1prime.ru/images/sharing/article/rus/854825225.jpg', 'domain': '1prime.ru', 'language': 'Russian', 'sourcecountry': 'Russia'}"
gdelt_news,gdelt_doc,SPY,中共駐韓大使見王海軍 韓國學者 ： 不尊重主權 | 戴兵 | 韓國主權 | 中共祕密警察,20250210T203000Z,https://www.ntdtv.com/b5/2025/02/10/a103957617.html,2025-02-10 20:30:00+00:00,,macro,SPY,"{'url': 'https://www.ntdtv.com/b5/2025/02/10/a103957617.html', 'url_mobile': 'https://www.ntdtv.com/b5/2025/02/10/a103957617.html/amp', 'title': '中共駐韓大使見王海軍 韓國學者 ： 不尊重主權 | 戴兵 | 韓國主權 | 中共祕密警察', 'seendate': '20250210T203000Z', 'socialimage': 'https://i.ntdtv.com/assets/uploads/2025/02/id103957647-4b9972231058d6aaa2d4f24685d237c8-1200x630.jpeg', 'domain': 'ntdtv.com', 'language': 'Chinese', 'sourcecountry': 'China'}"
gdelt_news,gdelt_doc,SPY,全新纯电动小型车 起亚EV2谍照曝光,20250211T031500Z,https://auto.zol.com.cn/948/9483016.html,2025-02-11 03:15:00+00:00,,macro,SPY,"{'url': 'https://auto.zol.com.cn/948/9483016.html', 'url_mobile': 'https://m.zol.com.cn/article/9483016.html', 'title': '全新纯电动小型车 起亚EV2谍照曝光', 'seendate': '20250211T031500Z', 'socialimage': '', 'domain': 'auto.zol.com.cn', 'language': 'Chinese', 'sourcecountry': 'China'}"
gdelt_news,gdelt_doc,SPY,售价或超10万美元 捷尼赛思GV90谍照再曝光,20250211T040000Z,https://auto.zol.com.cn/948/9483214.html,2025-02-11 04:00:00+00:00,,macro,SPY,"{'url': 'https://auto.zol.com.cn/948/9483214.html', 'url_mobile': 'https://m.zol.com.cn/article/9483214.html', 'title': '售价或超10万美元 捷尼赛思GV90谍照再曝光', 'seendate': '20250211T040000Z', 'socialimage': '', 'domain': 'auto.zol.com.cn', 'language': 'Chinese', 'sourcecountry': 'China'}"
gdelt_news,gdelt_doc,SPY,烏克蘭 「 美人計 」 健力女冠軍當間諜 刺殺普丁軍事大將失敗被抓 | ETtoday國際新聞,20250211T100000Z,https://www.ettoday.net/news/20250211/2906928.htm,2025-02-11 10:00:00+00:00,,macro,SPY,"{'url': 'https://www.ettoday.net/news/20250211/2906928.htm', 'url_mobile': 'https://www.ettoday.net/amp/amp_news.php7?news_id=2906928', 'title': '烏克蘭 「 美人計 」 健力女冠軍當間諜 刺殺普丁軍事大將失敗被抓 | ETtoday國際新聞', 'seendate': '20250211T100000Z', 'socialimage': 'https://cdn2.ettoday.net/images/8081/e8081183.jpg', 'domain': 'ettoday.net', 'language': 'Chinese', 'sourcecountry': 'Taiwan'}"
gdelt_news,gdelt_doc,SPY,新设计语言 捷途山海L9谍照曝光,20250212T010000Z,https://auto.zol.com.cn/948/9485283.html,2025-02-12 01:00:00+00:00,,macro,SPY,"{'url': 'https://auto.zol.com.cn/948/9485283.html', 'url_mobile': 'https://m.zol.com.cn/article/9485283.html', 'title': '新设计语言 捷途山海L9谍照曝光', 'seendate': '20250212T010000Z', 'socialimage': '', 'domain': 'auto.zol.com.cn', 'language': 'Chinese', 'sourcecountry': 'China'}"
gdelt_news,gdelt_doc,SPY,Informe revela qué llevaba dentro  globo espía  chino que atravesó Estados Unidos : habría flotado sobre Alaska,20250212T020000Z,https://larepublica.pe:443/mundo/2025/02/11/informe-revela-que-llevaba-dentro-globo-espia-chino-que-atraveso-estados-unidos-habria-flotado-sobre-alaska-741554,2025-02-12 02:00:00+00:00,,macro,SPY,"{'url': 'https://larepublica.pe:443/mundo/2025/02/11/informe-revela-que-llevaba-dentro-globo-espia-chino-que-atraveso-estados-unidos-habria-flotado-sobre-alaska-741554', 'url_mobile': 'https://larepublica.pe/amp/mundo/2025/02/11/informe-revela-que-llevaba-dentro-globo-espia-chino-que-atraveso-estados-unidos-habria-flotado-sobre-alaska-741554', 'title': 'Informe revela qué llevaba dentro  globo espía  chino que atravesó Estados Unidos : habría flotado sobre Alaska', 'seendate': '20250212T020000Z', 'socialimage': 'https://imgmedia.larepublica.pe/1200x630/larepublica/original/2025/02/11/67abeb4ff67a4b4ab02444f6.jpg', 'domain': 'larepublica.pe', 'language': 'Spanish', 'sourcecountry': 'Peru'}"
gdelt_news,gdelt_doc,SPY,スクープを逃れようとしてスタック ……！ 韓国の最高級SUVプロトタイプが冬のスウェーデンで溝にハマるハプニング ― スポニチ Sponichi Annex クルマ,20250212T033000Z,https://www.sponichi.co.jp/car/news/2025/02/12/kiji/20250212c00045SCE007000c.html,2025-02-12 03:30:00+00:00,,macro,SPY,"{'url': 'https://www.sponichi.co.jp/car/news/2025/02/12/kiji/20250212c00045SCE007000c.html', 'url_mobile': 'https://www.sponichi.co.jp/car/news/2025/02/12/kiji/20250212c00045SCE007000c.html?amp=1', 'title': 'スクープを逃れようとしてスタック ……！ 韓国の最高級SUVプロトタイプが冬のスウェーデンで溝にハマるハプニング ― スポニチ Sponichi Annex クルマ', 'seendate': '20250212T033000Z', 'socialimage': 'https://www.sponichi.co.jp/car/news/2025/02/12/jpeg/20250212c01045SCE007000p_view.webp', 'domain': 'sponichi.co.jp', 'language': 'Japanese', 'sourcecountry': 'Japan'}"
gdelt_news,gdelt_doc,SPY,Розвідник РФ залітав в Польщу | Новини на Gazeta . ua,20250212T044500Z,https://gazeta.ua/articles/politics/_rosijskij-litakrozvidnik-zalitav-v-povitryanij-prostir-polschi/1208137,2025-02-12 04:45:00+00:00,,macro,SPY,"{'url': 'https://gazeta.ua/articles/politics/_rosijskij-litakrozvidnik-zalitav-v-povitryanij-prostir-polschi/1208137', 'url_mobile': '', 'title': 'Розвідник РФ залітав в Польщу | Новини на Gazeta . ua', 'seendate': '20250212T044500Z', 'socialimage': 'https://static.gazeta.ua/img2/cache/preview/1208/1208137_w_450.jpg?v=0', 'domain': 'gazeta.ua', 'language': 'Ukrainian', 'sourcecountry': 'Ukraine'}"
gdelt_news,gdelt_doc,SPY,广汽与华为合作首款MPV谍照曝光 搭载鸿蒙座舱 3 . 0技术,20250212T064500Z,https://news.zol.com.cn/948/9486929.html,2025-02-12 06:45:00+00:00,,macro,SPY,"{'url': 'https://news.zol.com.cn/948/9486929.html', 'url_mobile': 'https://m.zol.com.cn/article/9486929.html', 'title': '广汽与华为合作首款MPV谍照曝光 搭载鸿蒙座舱 3 . 0技术', 'seendate': '20250212T064500Z', 'socialimage': '', 'domain': 'news.zol.com.cn', 'language': 'Chinese', 'sourcecountry': 'China'}"
gdelt_news,gdelt_doc,SPY,Ukraińskie służby wykryły szpiega w kwaterze głównej,20250212T121500Z,https://niezalezna.pl/polska/ukrainskie-sluzby-wykryly-szpiega-w-kwaterze-glownej/537254,2025-02-12 12:15:00+00:00,,macro,SPY,"{'url': 'https://niezalezna.pl/polska/ukrainskie-sluzby-wykryly-szpiega-w-kwaterze-glownej/537254', 'url_mobile': '', 'title': 'Ukraińskie służby wykryły szpiega w kwaterze głównej', 'seendate': '20250212T121500Z', 'socialimage': 'https://files.niezalezna.tech/images/upload/2025/02/12/n_768dbadef755f5e86c4a9da042878cb9031bf608e01fae134ca457e6601e9ad4_c.jpg?r=1200,600', 'domain': 'niezalezna.pl', 'language': 'Polish', 'sourcecountry': 'Poland'}"
gdelt_news,gdelt_doc,SPY,"СБУ заявила , что выявила в своих рядах « российского шпиона ». Новости . Первый канал",20250212T123000Z,https://www.1tv.ru/news/2025-02-12/501087-sbu_zayavila_chto_vyyavila_v_svoih_ryadah_rossiyskogo_shpiona,2025-02-12 12:30:00+00:00,,macro,SPY,"{'url': 'https://www.1tv.ru/news/2025-02-12/501087-sbu_zayavila_chto_vyyavila_v_svoih_ryadah_rossiyskogo_shpiona', 'url_mobile': '', 'title': 'СБУ заявила , что выявила в своих рядах « российского шпиона ». Новости . Первый канал', 'seendate': '20250212T123000Z', 'socialimage': '', 'domain': '1tv.ru', 'language': 'Russian', 'sourcecountry': 'Russia'}"
gdelt_news,gdelt_doc,SPY,Scandal de spionaj la Kiev - Cârtița de la SBU,20250212T123000Z,https://www.stiripesurse.ro/scandal-de-spionaj-la-kiev-cartita-de-la-sbu_3579935.html,2025-02-12 12:30:00+00:00,,macro,SPY,"{'url': 'https://www.stiripesurse.ro/scandal-de-spionaj-la-kiev-cartita-de-la-sbu_3579935.html', 'url_mobile': '', 'title': 'Scandal de spionaj la Kiev - Cârtița de la SBU', 'seendate': '20250212T123000Z', 'socialimage': 'https://media.stiripesurse.ro/image/202408/w1200/media-172345078782000100.jpg', 'domain': 'stiripesurse.ro', 'language': 'Romanian', 'sourcecountry': 'Romania'}"
gdelt_news,gdelt_doc,SPY,Ukrainischer Geheimdienst : Haben ranghohen russischen Spion enttarnt,20250212T124500Z,https://www.finanznachrichten.de/nachrichten-2025-02/64535371-ukrainischer-geheimdienst-haben-ranghohen-russischen-spion-enttarnt-016.htm,2025-02-12 12:45:00+00:00,,macro,SPY,"{'url': 'https://www.finanznachrichten.de/nachrichten-2025-02/64535371-ukrainischer-geheimdienst-haben-ranghohen-russischen-spion-enttarnt-016.htm', 'url_mobile': '', 'title': 'Ukrainischer Geheimdienst : Haben ranghohen russischen Spion enttarnt', 'seendate': '20250212T124500Z', 'socialimage': 'https://finanznachrichten.de/content/g/fb.png', 'domain': 'finanznachrichten.de', 'language': 'German', 'sourcecountry': 'Germany'}"
gdelt_news,gdelt_doc,SPY,"Mexiko nevylúčilo , že Spojené štáty v posledných týždňoch vykonávajú pri hraniciach špionážne lety",20250212T130000Z,https://dennikn.sk/minuta/4463611/,2025-02-12 13:00:00+00:00,,macro,SPY,"{'url': 'https://dennikn.sk/minuta/4463611/', 'url_mobile': '', 'title': 'Mexiko nevylúčilo , že Spojené štáty v posledných týždňoch vykonávajú pri hraniciach špionážne lety', 'seendate': '20250212T130000Z', 'socialimage': 'https://img.projektn.sk/shotmajster/api/shot/4463611/82105ee0?id=horizontal1', 'domain': 'dennikn.sk', 'language': 'Slovak', 'sourcecountry': 'Slovak Republic'}"
gdelt_news,gdelt_doc,SPY,جهاز الأمن الأوكراني يعلن عن وجود جاسوس روسي رفيع المستوى في صفوفه,20250212T141500Z,https://www.shorouknews.com/news/view.aspx?cdate=12022025&id=98192df7-e469-4a4a-b942-8650265c73d9,2025-02-12 14:15:00+00:00,,macro,SPY,"{'url': 'https://www.shorouknews.com/news/view.aspx?cdate=12022025&id=98192df7-e469-4a4a-b942-8650265c73d9', 'url_mobile': '', 'title': 'جهاز الأمن الأوكراني يعلن عن وجود جاسوس روسي رفيع المستوى في صفوفه', 'seendate': '20250212T141500Z', 'socialimage': 'https://www.shorouknews.com/uploadedimages/Sections/Politics/original/%D9%84%D9%82%D8%B7%D8%A9%20%D8%B4%D8%A7%D8%B4%D8%A9%20%D9%85%D9%86%202025-02-12%2015-57-55.jpg', 'domain': 'shorouknews.com', 'language': 'Arabic', 'sourcecountry': 'Egypt'}"
gdelt_news,gdelt_doc,SPY,Chinese spy balloon shot by US had tech from at least 5 American firms : Report,20250212T164500Z,https://www.moneycontrol.com/news/world/chinese-spy-balloon-shot-by-us-had-tech-from-at-least-5-american-firms-report-12938984.html,2025-02-12 16:45:00+00:00,,macro,SPY,"{'url': 'https://www.moneycontrol.com/news/world/chinese-spy-balloon-shot-by-us-had-tech-from-at-least-5-american-firms-report-12938984.html', 'url_mobile': 'https://www.moneycontrol.com/news/world/chinese-spy-balloon-shot-by-us-had-tech-from-at-least-5-american-firms-report-12938984.html/amp', 'title': 'Chinese spy balloon shot by US had tech from at least 5 American firms : Report', 'seendate': '20250212T164500Z', 'socialimage': 'https://images.moneycontrol.com/static-mcnews/2023/02/chinese-spy-balloon.jpg', 'domain': 'moneycontrol.com', 'language': 'English', 'sourcecountry': 'India'}"
gdelt_news,gdelt_doc,SPY,جهاز الأمن الأوكراني يقول إنه كشف وجود جاسوس روسي رفيع المستوى في صفوفه,20250212T170000Z,https://www.shorouknews.com/news/view.aspx?cdate=12022025&id=43da788d-32dd-436f-a01e-332d7253570e,2025-02-12 17:00:00+00:00,,macro,SPY,"{'url': 'https://www.shorouknews.com/news/view.aspx?cdate=12022025&id=43da788d-32dd-436f-a01e-332d7253570e', 'url_mobile': '', 'title': 'جهاز الأمن الأوكراني يقول إنه كشف وجود جاسوس روسي رفيع المستوى في صفوفه', 'seendate': '20250212T170000Z', 'socialimage': 'https://www.shorouknews.com/uploadedimages/Other/original/%D9%88%D9%88%D8%B2%D9%85%D8%B2%D9%85%D8%AE%D8%AE%D8%AE%D8%AE%D8%AE%D8%AE%D8%AE%D8%AE%D8%AE%D8%AE%D8%AE%D8%AE%D8%AE%D8%AE%D8%AE%D8%AE%D8%AE%D8%AE%D8%AE%D8%AE%D8%AE%D8%AE%D8%AE.JPG', 'domain': 'shorouknews.com', 'language': 'Arabic', 'sourcecountry': 'Egypt'}"
gdelt_news,gdelt_doc,SPY,"Spy x Family Wont Admit It , But the Biggest Threat To Anya Is Actually Loid",20250212T184500Z,https://screenrant.com/spy-x-family-anya-biggest-threat-loid-theory/,2025-02-12 18:45:00+00:00,,macro,SPY,"{'url': 'https://screenrant.com/spy-x-family-anya-biggest-threat-loid-theory/', 'url_mobile': '', 'title': 'Spy x Family Wont Admit It , But the Biggest Threat To Anya Is Actually Loid', 'seendate': '20250212T184500Z', 'socialimage': 'https://static1.srcdn.com/wordpress/wp-content/uploads/2025/02/anya-looking-scared.jpg', 'domain': 'screenrant.com', 'language': 'English', 'sourcecountry': 'United States'}"
gdelt_news,gdelt_doc,SPY,"İtalya Hükümeti , Paragon Solutions ile Sözleşmelerin Feshedilmediğini Açıkladı",20250212T231500Z,https://www.haberler.com/guncel/italya-hukumeti-paragon-solutions-ile-sozlesmelerin-feshedilmedigini-acikladi-18368349-haberi/,2025-02-12 23:15:00+00:00,,macro,SPY,"{'url': 'https://www.haberler.com/guncel/italya-hukumeti-paragon-solutions-ile-sozlesmelerin-feshedilmedigini-acikladi-18368349-haberi/', 'url_mobile': 'https://www.haberler.com/amp/italya-hukumeti-paragon-solutions-ile-sozlesmelerin-feshedilmedigini-acikladi-18368349-haberi/', 'title': 'İtalya Hükümeti , Paragon Solutions ile Sözleşmelerin Feshedilmediğini Açıkladı', 'seendate': '20250212T231500Z', 'socialimage': 'https://www.haberler.com/mstatic/haberlercom_haberi.jpg', 'domain': 'haberler.com', 'language': 'Turkish', 'sourcecountry': 'Turkey'}"
gdelt_news,gdelt_doc,SPY,广汽与华为合作首款车型谍照曝光 预计售价30万元,20250213T070000Z,https://auto.zol.com.cn/949/9490056.html,2025-02-13 07:00:00+00:00,,macro,SPY,"{'url': 'https://auto.zol.com.cn/949/9490056.html', 'url_mobile': 'https://m.zol.com.cn/article/9490056.html', 'title': '广汽与华为合作首款车型谍照曝光 预计售价30万元', 'seendate': '20250213T070000Z', 'socialimage': '', 'domain': 'auto.zol.com.cn', 'language': 'Chinese', 'sourcecountry': 'China'}"
gdelt_news,gdelt_doc,SPY,9人乗り巨大SUV 、 ヒョンデの新型パリセードが最強仕様のXRTを設定 ! V6廃止でも最大334psの驚異的パフォーマンス !― スポニチ Sponichi Annex クルマ,20250214T080000Z,https://www.sponichi.co.jp/car/news/2025/02/14/kiji/20250214c00045SCE006000c.html,2025-02-14 08:00:00+00:00,,macro,SPY,"{'url': 'https://www.sponichi.co.jp/car/news/2025/02/14/kiji/20250214c00045SCE006000c.html', 'url_mobile': 'https://www.sponichi.co.jp/car/news/2025/02/14/kiji/20250214c00045SCE006000c.html?amp=1', 'title': '9人乗り巨大SUV 、 ヒョンデの新型パリセードが最強仕様のXRTを設定 ! V6廃止でも最大334psの驚異的パフォーマンス !― スポニチ Sponichi Annex クルマ', 'seendate': '20250214T080000Z', 'socialimage': 'https://www.sponichi.co.jp/car/news/2025/02/14/jpeg/20250214c01045SCE006000p_view.webp', 'domain': 'sponichi.co.jp', 'language': 'Japanese', 'sourcecountry': 'Japan'}"
gdelt_news,gdelt_doc,SPY,U . S . Army  ATHENA  spy plane arrives in allied base near China and North Korea,20250214T104500Z,https://www.newsweek.com/us-news-army-athena-spy-plane-deploys-south-korea-base-china-north-korea-2030992,2025-02-14 10:45:00+00:00,,macro,SPY,"{'url': 'https://www.newsweek.com/us-news-army-athena-spy-plane-deploys-south-korea-base-china-north-korea-2030992', 'url_mobile': '', 'title': 'U . S . Army  ATHENA  spy plane arrives in allied base near China and North Korea', 'seendate': '20250214T104500Z', 'socialimage': 'https://d.newsweek.com/en/full/2588323/us-army-new-spy-plane.jpg', 'domain': 'newsweek.com', 'language': 'English', 'sourcecountry': 'United States'}"
gdelt_news,gdelt_doc,SPY,PLENKOVIĆEV „ JETI : Hrvatski špijun pravosnažno osuđen za špijunažu u Srbiji,20250214T164500Z,https://www.novosti.rs/hronika/sudjenja/1460667/plenkovicev-jeti-hrvatski-spijun-pravosnazno-osudjen-spijunazu-srbiji,2025-02-14 16:45:00+00:00,,macro,SPY,"{'url': 'https://www.novosti.rs/hronika/sudjenja/1460667/plenkovicev-jeti-hrvatski-spijun-pravosnazno-osudjen-spijunazu-srbiji', 'url_mobile': 'https://www.novosti.rs/amp/hronika/sudjenja/1460667/plenkovicev-jeti-hrvatski-spijun-pravosnazno-osudjen-spijunazu-srbiji', 'title': 'PLENKOVIĆEV „ JETI : Hrvatski špijun pravosnažno osuđen za špijunažu u Srbiji', 'seendate': '20250214T164500Z', 'socialimage': 'https://www.novosti.rs/data/images/2021-10-11/147946_w-56757764_f.jpg', 'domain': 'novosti.rs', 'language': 'Serbian', 'sourcecountry': 'Serbia'}"
gdelt_news,gdelt_doc,SPY,No podemos confirmar si México está recibiendo toda la información recopilada con aviones espía : Esquivel | Video,20250214T223000Z,https://aristeguinoticias.com/140225/aristegui-en-vivo/enlaces-en-vivo/no-podemos-confirmar-si-mexico-esta-recibiendo-toda-la-informacion-recopilada-con-aviones-espia-esquivel/,2025-02-14 22:30:00+00:00,,macro,SPY,"{'url': 'https://aristeguinoticias.com/140225/aristegui-en-vivo/enlaces-en-vivo/no-podemos-confirmar-si-mexico-esta-recibiendo-toda-la-informacion-recopilada-con-aviones-espia-esquivel/', 'url_mobile': '', 'title': 'No podemos confirmar si México está recibiendo toda la información recopilada con aviones espía : Esquivel | Video', 'seendate': '20250214T223000Z', 'socialimage': 'https://editorial.aristeguinoticias.com/wp-content/uploads/2025/02/avion-inteligencia-golfo-de-california-03022025.jpg', 'domain': 'aristeguinoticias.com', 'language': 'Spanish', 'sourcecountry': 'Mexico'}"
gdelt_news,gdelt_doc,SPY,"February 15th , 2025",20250215T171500Z,https://www.komando.com/episode/february-15th-2025/,2025-02-15 17:15:00+00:00,,macro,SPY,"{'url': 'https://www.komando.com/episode/february-15th-2025/', 'url_mobile': '', 'title': 'February 15th , 2025', 'seendate': '20250215T171500Z', 'socialimage': '', 'domain': 'komando.com', 'language': 'English', 'sourcecountry': 'United States'}"
gdelt_news,gdelt_doc,SPY,领克旗舰轿车谍照曝光 ： 或16万起售,20250216T013000Z,https://auto.zol.com.cn/949/9496055.html,2025-02-16 01:30:00+00:00,,macro,SPY,"{'url': 'https://auto.zol.com.cn/949/9496055.html', 'url_mobile': 'https://m.zol.com.cn/article/9496055.html', 'title': '领克旗舰轿车谍照曝光 ： 或16万起售', 'seendate': '20250216T013000Z', 'socialimage': '', 'domain': 'auto.zol.com.cn', 'language': 'Chinese', 'sourcecountry': 'China'}"
gdelt_news,gdelt_doc,SPY,王一博魏若来入围年度人气男性角色 2024谍战剧 《 追风者 》 备受期待 _ 新闻频道 _ 中华网,20250217T014500Z,https://news.china.com/socialgd/10000169/20250217/47978949.html,2025-02-17 01:45:00+00:00,,macro,SPY,"{'url': 'https://news.china.com/socialgd/10000169/20250217/47978949.html', 'url_mobile': '', 'title': '王一博魏若来入围年度人气男性角色 2024谍战剧 《 追风者 》 备受期待 _ 新闻频道 _ 中华网', 'seendate': '20250217T014500Z', 'socialimage': '', 'domain': 'news.china.com', 'language': 'Chinese', 'sourcecountry': 'China'}"
gdelt_news,gdelt_doc,SPY,新型メルセデス ・ ベンツ 「 Cクラス ステーションワゴン 」 を初スクープ ！ スリーポインテッドスター型LEDデイタイムランニングライトを採用 !!― スポニチ Sponichi Annex クルマ,20250217T041500Z,https://www.sponichi.co.jp/car/news/2025/02/17/kiji/20250217c00045SCE002000c.html,2025-02-17 04:15:00+00:00,,macro,SPY,"{'url': 'https://www.sponichi.co.jp/car/news/2025/02/17/kiji/20250217c00045SCE002000c.html', 'url_mobile': 'https://www.sponichi.co.jp/car/news/2025/02/17/kiji/20250217c00045SCE002000c.html?amp=1', 'title': '新型メルセデス ・ ベンツ 「 Cクラス ステーションワゴン 」 を初スクープ ！ スリーポインテッドスター型LEDデイタイムランニングライトを採用 !!― スポニチ Sponichi Annex クルマ', 'seendate': '20250217T041500Z', 'socialimage': 'https://www.sponichi.co.jp/car/news/2025/02/17/jpeg/20250217c01045SCE002000p_view.webp', 'domain': 'sponichi.co.jp', 'language': 'Japanese', 'sourcecountry': 'Japan'}"
gdelt_news,gdelt_doc,SPY,フェラーリのPHEVスーパーカー 「 296 」 にさらなるハイパフォーマンス仕様 「 VS 」 を追加 ！ 900ps超えでランボルギーニ ・ テメラリオに対抗 !?― スポニチ Sponichi Annex クルマ,20250217T074500Z,https://www.sponichi.co.jp/car/news/2025/02/17/kiji/20250217c00045SCE005000c.html,2025-02-17 07:45:00+00:00,,macro,SPY,"{'url': 'https://www.sponichi.co.jp/car/news/2025/02/17/kiji/20250217c00045SCE005000c.html', 'url_mobile': 'https://www.sponichi.co.jp/car/news/2025/02/17/kiji/20250217c00045SCE005000c.html?amp=1', 'title': 'フェラーリのPHEVスーパーカー 「 296 」 にさらなるハイパフォーマンス仕様 「 VS 」 を追加 ！ 900ps超えでランボルギーニ ・ テメラリオに対抗 !?― スポニチ Sponichi Annex クルマ', 'seendate': '20250217T074500Z', 'socialimage': 'https://www.sponichi.co.jp/car/news/2025/02/17/jpeg/20250217c01045SCE005000p_view.webp', 'domain': 'sponichi.co.jp', 'language': 'Japanese', 'sourcecountry': 'Japan'}"
gdelt_news,gdelt_doc,SPY,"Atinadan , Ankaraya  casus belli  tepkisi : Varoluşsal bir tehditle karşı karşıyayız",20250217T091500Z,https://www.cumhuriyet.com.tr/dunya/atinadan-ankaraya-casus-belli-tepkisi-varolussal-bir-tehditle-2300666,2025-02-17 09:15:00+00:00,,macro,SPY,"{'url': 'https://www.cumhuriyet.com.tr/dunya/atinadan-ankaraya-casus-belli-tepkisi-varolussal-bir-tehditle-2300666', 'url_mobile': 'https://www.cumhuriyet.com.tr/amp/dunya/atinadan-ankaraya-casus-belli-tepkisi-varolussal-bir-tehditle-2300666', 'title': 'Atinadan , Ankaraya  casus belli  tepkisi : Varoluşsal bir tehditle karşı karşıyayız', 'seendate': '20250217T091500Z', 'socialimage': 'https://www.cumhuriyet.com.tr/thumbs/1520x900/Archive/2025/2/17/2300666/kapak_114525.jpg', 'domain': 'cumhuriyet.com.tr', 'language': 'Turkish', 'sourcecountry': 'Turkey'}"
gdelt_news,gdelt_doc,SPY,与境外间谍勾连窃取我军事秘密 国家安全机关提醒→ _ 南方网,20250218T001500Z,https://news.southcn.com/node_179d29f1ce/8af16a93b8.shtml,2025-02-18 00:15:00+00:00,,macro,SPY,"{'url': 'https://news.southcn.com/node_179d29f1ce/8af16a93b8.shtml', 'url_mobile': '', 'title': '与境外间谍勾连窃取我军事秘密 国家安全机关提醒→ _ 南方网', 'seendate': '20250218T001500Z', 'socialimage': 'https://nfcms-mainsiteoss.southcn.com/nfw/__tpl_asset/68e544a3d8.jpg', 'domain': 'news.southcn.com', 'language': 'Chinese', 'sourcecountry': 'China'}"
gdelt_news,gdelt_doc,SPY,因违纪被部队提前退伍后 他与境外间谍勾连窃取我军事秘密,20250218T013000Z,https://news.ycwb.com/2025-02/18/content_53242808.htm,2025-02-18 01:30:00+00:00,,macro,SPY,"{'url': 'https://news.ycwb.com/2025-02/18/content_53242808.htm', 'url_mobile': '', 'title': '因违纪被部队提前退伍后 他与境外间谍勾连窃取我军事秘密', 'seendate': '20250218T013000Z', 'socialimage': 'https://www.ycwb.com/images/jyw_QQWeChat_transmit.jpg', 'domain': 'news.ycwb.com', 'language': 'Chinese', 'sourcecountry': 'China'}"
gdelt_news,gdelt_doc,SPY,国家安全机关侦破一起境内人员与境外间谍勾连窃取我军事秘密案件,20250218T031500Z,http://news.china.com.cn/2025-02/18/content_117718910.shtml,2025-02-18 03:15:00+00:00,,macro,SPY,"{'url': 'http://news.china.com.cn/2025-02/18/content_117718910.shtml', 'url_mobile': '', 'title': '国家安全机关侦破一起境内人员与境外间谍勾连窃取我军事秘密案件', 'seendate': '20250218T031500Z', 'socialimage': '', 'domain': 'news.china.com.cn', 'language': 'Chinese', 'sourcecountry': 'China'}"
gdelt_news,gdelt_doc,SPY,与境外间谍勾连窃取我军事秘密 国家安全机关提醒→ - 新闻频道,20250218T044500Z,https://www.zsnews.cn/news/index/view/cateid/37/id/746715.html,2025-02-18 04:45:00+00:00,,macro,SPY,"{'url': 'https://www.zsnews.cn/news/index/view/cateid/37/id/746715.html', 'url_mobile': '', 'title': '与境外间谍勾连窃取我军事秘密 国家安全机关提醒→ - 新闻频道', 'seendate': '20250218T044500Z', 'socialimage': '', 'domain': 'zsnews.cn', 'language': 'Chinese', 'sourcecountry': 'China'}"
gdelt_news,gdelt_doc,SPY,新宝马M5谍照曝光 颜值太高了,20250218T094500Z,https://auto.zol.com.cn/950/9507208.html,2025-02-18 09:45:00+00:00,,macro,SPY,"{'url': 'https://auto.zol.com.cn/950/9507208.html', 'url_mobile': 'https://m.zol.com.cn/article/9507208.html', 'title': '新宝马M5谍照曝光 颜值太高了', 'seendate': '20250218T094500Z', 'socialimage': '', 'domain': 'auto.zol.com.cn', 'language': 'Chinese', 'sourcecountry': 'China'}"
gdelt_news,gdelt_doc,SPY,傳奇007龐德的本尊竟是俄國裔 ！《 俄羅斯諜影 》 揭蘇聯間諜故事,20250218T100000Z,https://def.ltn.com.tw/article/breakingnews/4954935,2025-02-18 10:00:00+00:00,,macro,SPY,"{'url': 'https://def.ltn.com.tw/article/breakingnews/4954935', 'url_mobile': 'https://def.ltn.com.tw/amp/article/breakingnews/4954935', 'title': '傳奇007龐德的本尊竟是俄國裔 ！《 俄羅斯諜影 》 揭蘇聯間諜故事', 'seendate': '20250218T100000Z', 'socialimage': 'https://img.ltn.com.tw/Upload/def/page/800/2025/02/18/phpc0v7h1.jpg', 'domain': 'def.ltn.com.tw', 'language': 'Chinese', 'sourcecountry': 'Taiwan'}"
gdelt_news,gdelt_doc,SPY,6年ぶりに世代交代 、 ベンツ 「 CLA 」 次期型を公式デビュー前に最速公開 ！― スポニチ Sponichi Annex クルマ,20250218T104500Z,https://www.sponichi.co.jp/car/news/2025/02/18/kiji/20250218c00045SCE006000c.html,2025-02-18 10:45:00+00:00,,macro,SPY,"{'url': 'https://www.sponichi.co.jp/car/news/2025/02/18/kiji/20250218c00045SCE006000c.html', 'url_mobile': 'https://www.sponichi.co.jp/car/news/2025/02/18/kiji/20250218c00045SCE006000c.html?amp=1', 'title': '6年ぶりに世代交代 、 ベンツ 「 CLA 」 次期型を公式デビュー前に最速公開 ！― スポニチ Sponichi Annex クルマ', 'seendate': '20250218T104500Z', 'socialimage': 'https://www.sponichi.co.jp/car/news/2025/02/18/jpeg/20250218c01045SCE006000p_view.webp', 'domain': 'sponichi.co.jp', 'language': 'Japanese', 'sourcecountry': 'Japan'}"
gdelt_news,gdelt_doc,SPY,欧某泄密败露辞职逃跑 ， 国安千里追缉归案,20250219T003000Z,https://news.ifeng.com/c/8h5oK604OiZ,2025-02-19 00:30:00+00:00,,macro,SPY,"{'url': 'https://news.ifeng.com/c/8h5oK604OiZ', 'url_mobile': '', 'title': '欧某泄密败露辞职逃跑 ， 国安千里追缉归案', 'seendate': '20250219T003000Z', 'socialimage': 'https://x0.ifengimg.com/ucms/2025_08/A32315BCB28B7B82F835B7052D538BC12E794C50_size57_w782_h440.jpg', 'domain': 'news.ifeng.com', 'language': 'Chinese', 'sourcecountry': 'China'}"
gdelt_news,gdelt_doc,SPY,知名企业内部文件外泄 ， 窃密者竟是他 ！ ,20250219T003000Z,http://news.cyol.com/gb/articles/2025-02/19/content_77Lpx4seEN.html,2025-02-19 00:30:00+00:00,,macro,SPY,"{'url': 'http://news.cyol.com/gb/articles/2025-02/19/content_77Lpx4seEN.html', 'url_mobile': '', 'title': '知名企业内部文件外泄 ， 窃密者竟是他 ！ ', 'seendate': '20250219T003000Z', 'socialimage': '', 'domain': 'news.cyol.com', 'language': 'Chinese', 'sourcecountry': 'China'}"
gdelt_news,gdelt_doc,SPY,知名企业内部文件外泄 ， 窃密者竟是他 ！ ,20250219T003000Z,http://news.cyol.com/gb/articles/2025-02/19/content_Lg27oVhGKN.html,2025-02-19 00:30:00+00:00,,macro,SPY,"{'url': 'http://news.cyol.com/gb/articles/2025-02/19/content_Lg27oVhGKN.html', 'url_mobile': '', 'title': '知名企业内部文件外泄 ， 窃密者竟是他 ！ ', 'seendate': '20250219T003000Z', 'socialimage': '', 'domain': 'news.cyol.com', 'language': 'Chinese', 'sourcecountry': 'China'}"
gdelt_news,gdelt_doc,SPY,核心文件外泄 嫌疑人竟是这名  非涉密人员 _ 腾讯新闻,20250219T011500Z,https://news.qq.com/rain/a/20250219A00W2E00,2025-02-19 01:15:00+00:00,,macro,SPY,"{'url': 'https://news.qq.com/rain/a/20250219A00W2E00', 'url_mobile': '', 'title': '核心文件外泄 嫌疑人竟是这名  非涉密人员 _ 腾讯新闻', 'seendate': '20250219T011500Z', 'socialimage': 'https://inews.gtimg.com/news_ls/OCadoON5_O9BJe0a7cgHF8e4sr8A4_OngjWZi-i6JOv6IAA_640330/0', 'domain': 'news.qq.com', 'language': 'Chinese', 'sourcecountry': 'China'}"
gdelt_news,gdelt_doc,SPY,核心文件外泄 嫌疑人竟是这名  非涉密人员  ,20250219T014500Z,https://news.hangzhou.com.cn/shxw/content/2025-02/19/content_8863269.htm,2025-02-19 01:45:00+00:00,,macro,SPY,"{'url': 'https://news.hangzhou.com.cn/shxw/content/2025-02/19/content_8863269.htm', 'url_mobile': '', 'title': '核心文件外泄 嫌疑人竟是这名  非涉密人员  ', 'seendate': '20250219T014500Z', 'socialimage': '', 'domain': 'news.hangzhou.com.cn', 'language': 'Chinese', 'sourcecountry': 'China'}"
gdelt_news,gdelt_doc,SPY,风雪夜偷拍军事基地 ， 尼某当场被抓 ！ 他因违纪被部队提前退伍后 ， 用八旬老人手机号注册账号 ， 频繁联系间谍 …… ,20250219T014500Z,https://www.nbd.com.cn/articles/2025-02-19/3756599.html,2025-02-19 01:45:00+00:00,,macro,SPY,"{'url': 'https://www.nbd.com.cn/articles/2025-02-19/3756599.html', 'url_mobile': 'https://m.nbd.com.cn/articles/2025-02-19/3756599.html', 'title': '风雪夜偷拍军事基地 ， 尼某当场被抓 ！ 他因违纪被部队提前退伍后 ， 用八旬老人手机号注册账号 ， 频繁联系间谍 …… ', 'seendate': '20250219T014500Z', 'socialimage': '', 'domain': 'nbd.com.cn', 'language': 'Chinese', 'sourcecountry': 'China'}"
gdelt_news,gdelt_doc,SPY,核心文件外泄 嫌疑人竟是这名  非涉密人员 - 新闻中心 - 南海网,20250219T021500Z,http://www.hinews.cn/news/system/2025/02/19/033265422.shtml,2025-02-19 02:15:00+00:00,,macro,SPY,"{'url': 'http://www.hinews.cn/news/system/2025/02/19/033265422.shtml', 'url_mobile': '', 'title': '核心文件外泄 嫌疑人竟是这名  非涉密人员 - 新闻中心 - 南海网', 'seendate': '20250219T021500Z', 'socialimage': '', 'domain': 'hinews.cn', 'language': 'Chinese', 'sourcecountry': 'China'}"
gdelt_news,gdelt_doc,SPY,Mata - mata Paling Licik Tertangkap tapi Bukan Agen Intelijen,20250219T040000Z,https://www.viva.co.id/digital/digilife/1799867-mata-mata-paling-licik-tertangkap-tapi-bukan-agen-intelijen,2025-02-19 04:00:00+00:00,,macro,SPY,"{'url': 'https://www.viva.co.id/digital/digilife/1799867-mata-mata-paling-licik-tertangkap-tapi-bukan-agen-intelijen', 'url_mobile': 'https://www.viva.co.id/amp/digital/digilife/1799867-mata-mata-paling-licik-tertangkap-tapi-bukan-agen-intelijen', 'title': 'Mata - mata Paling Licik Tertangkap tapi Bukan Agen Intelijen', 'seendate': '20250219T040000Z', 'socialimage': 'https://thumb.viva.co.id/media/frontend/thumbs3/2020/04/17/5e98bda5c16e4-ilustrasi-mata-mata_665_374.jpeg', 'domain': 'viva.co.id', 'language': 'Indonesian', 'sourcecountry': 'Indonesia'}"
gdelt_news,gdelt_doc,SPY,核心文件外泄 ， 嫌疑人竟是这名  非涉密人员  - 新闻频道,20250219T044500Z,https://www.zsnews.cn/news/index/view/cateid/37/id/746784.html,2025-02-19 04:45:00+00:00,,macro,SPY,"{'url': 'https://www.zsnews.cn/news/index/view/cateid/37/id/746784.html', 'url_mobile': '', 'title': '核心文件外泄 ， 嫌疑人竟是这名  非涉密人员  - 新闻频道', 'seendate': '20250219T044500Z', 'socialimage': '', 'domain': 'zsnews.cn', 'language': 'Chinese', 'sourcecountry': 'China'}"
gdelt_news,gdelt_doc,SPY,Antalyada eşini casus programla takip eden adam beraat etti,20250219T060000Z,https://www.odatv.com/guncel/antalyada-esini-casus-programla-takip-eden-adam-beraat-etti-120086877,2025-02-19 06:00:00+00:00,,macro,SPY,"{'url': 'https://www.odatv.com/guncel/antalyada-esini-casus-programla-takip-eden-adam-beraat-etti-120086877', 'url_mobile': 'https://www.odatv.com/amp/guncel/antalyada-esini-casus-programla-takip-eden-adam-beraat-etti-120086877', 'title': 'Antalyada eşini casus programla takip eden adam beraat etti', 'seendate': '20250219T060000Z', 'socialimage': 'https://img.odatv.com/rcman/Cw1280h720q95gc/storage/files/images/2025/02/19/antalyada-esini-casus-programla-takip-eden-adam-beraat-etti-9pvj.jpg', 'domain': 'odatv.com', 'language': 'Turkish', 'sourcecountry': 'Turkey'}"
gdelt_news,gdelt_doc,SPY,国家安全机关侦破一起境内人员与境外间谍勾连窃取我军事秘密案件,20250219T064500Z,https://china.qianlong.com/2025/0219/8435327.shtml,2025-02-19 06:45:00+00:00,,macro,SPY,"{'url': 'https://china.qianlong.com/2025/0219/8435327.shtml', 'url_mobile': '', 'title': '国家安全机关侦破一起境内人员与境外间谍勾连窃取我军事秘密案件', 'seendate': '20250219T064500Z', 'socialimage': '', 'domain': 'china.qianlong.com', 'language': 'Chinese', 'sourcecountry': 'China'}"
gdelt_news,gdelt_doc,SPY,Eşinin telefonlarını dinledi : Beraat etti,20250219T070000Z,https://www.bursadabugun.com/haber/esinin-telefonlarini-dinledi-beraat-etti-1789497.html,2025-02-19 07:00:00+00:00,,macro,SPY,"{'url': 'https://www.bursadabugun.com/haber/esinin-telefonlarini-dinledi-beraat-etti-1789497.html', 'url_mobile': 'https://m.bursadabugun.com/haber/amp-esinin-telefonlarini-dinledi-beraat-etti-1789497.html', 'title': 'Eşinin telefonlarını dinledi : Beraat etti', 'seendate': '20250219T070000Z', 'socialimage': 'https://images.bursadabugun.com/haber/2025/02/19/1789497-esinin-telefonlarini-dinledi-beraat-etti-67b5715d8a02a.jpg', 'domain': 'bursadabugun.com', 'language': 'Turkish', 'sourcecountry': 'Turkey'}"
gdelt_news,gdelt_doc,SPY,獨 ／ 王志安上 《 夜夜秀 》 遭批 「 中國特務 」 告于北辰求償百萬 | ETtoday社會新聞,20250219T071500Z,https://www.ettoday.net/news/20250219/2911513.htm,2025-02-19 07:15:00+00:00,,macro,SPY,"{'url': 'https://www.ettoday.net/news/20250219/2911513.htm', 'url_mobile': 'https://www.ettoday.net/amp/amp_news.php7?news_id=2911513', 'title': '獨 ／ 王志安上 《 夜夜秀 》 遭批 「 中國特務 」 告于北辰求償百萬 | ETtoday社會新聞', 'seendate': '20250219T071500Z', 'socialimage': 'https://cdn2.ettoday.net/images/7471/e7471332.png', 'domain': 'ettoday.net', 'language': 'Chinese', 'sourcecountry': 'Taiwan'}"
gdelt_news,gdelt_doc,SPY,男子窃取涉密文件案详情披露 迷雾重重精准识谍 _ 新闻频道 _ 中华网,20250219T073000Z,https://news.china.com/socialgd/10000169/20250219/47990634.html,2025-02-19 07:30:00+00:00,,macro,SPY,"{'url': 'https://news.china.com/socialgd/10000169/20250219/47990634.html', 'url_mobile': '', 'title': '男子窃取涉密文件案详情披露 迷雾重重精准识谍 _ 新闻频道 _ 中华网', 'seendate': '20250219T073000Z', 'socialimage': '', 'domain': 'news.china.com', 'language': 'Chinese', 'sourcecountry': 'China'}"
gdelt_news,gdelt_doc,SPY,NVIDIA RTX50 series doesnt support GPU PhysX for 32 - bit games,20250219T083000Z,https://n4g.com/news/2655121/nvidia-rtx50-series-doesnt-support-gpu-physx-for-32-bit-games,2025-02-19 08:30:00+00:00,,macro,SPY,"{'url': 'https://n4g.com/news/2655121/nvidia-rtx50-series-doesnt-support-gpu-physx-for-32-bit-games', 'url_mobile': '', 'title': 'NVIDIA RTX50 series doesnt support GPU PhysX for 32 - bit games', 'seendate': '20250219T083000Z', 'socialimage': 'https://newsboilerstorage.blob.core.windows.net/news/2655121_0_lg.jpg', 'domain': 'n4g.com', 'language': 'English', 'sourcecountry': 'Japan'}"
gdelt_news,gdelt_doc,SPY,韓国発のコンパクトSUVを初スクープ ！ 1 . 6Lエンジンを用いた自己充電システム ＆「 e - AWD 」 採用で2026年デビューへ ― スポニチ Sponichi Annex クルマ,20250219T084500Z,https://www.sponichi.co.jp/car/news/2025/02/19/kiji/20250219c00045SCE004000c.html,2025-02-19 08:45:00+00:00,,macro,SPY,"{'url': 'https://www.sponichi.co.jp/car/news/2025/02/19/kiji/20250219c00045SCE004000c.html', 'url_mobile': 'https://www.sponichi.co.jp/car/news/2025/02/19/kiji/20250219c00045SCE004000c.html?amp=1', 'title': '韓国発のコンパクトSUVを初スクープ ！ 1 . 6Lエンジンを用いた自己充電システム ＆「 e - AWD 」 採用で2026年デビューへ ― スポニチ Sponichi Annex クルマ', 'seendate': '20250219T084500Z', 'socialimage': 'https://www.sponichi.co.jp/car/news/2025/02/19/jpeg/20250219c01045SCE004000p_view.webp', 'domain': 'sponichi.co.jp', 'language': 'Japanese', 'sourcecountry': 'Japan'}"
gdelt_news,gdelt_doc,SPY,  以案说法  警钟长鸣 织密织牢国家安全防线 - 千龙网 · 中国首都网,20250219T091500Z,https://china.qianlong.com/2025/0219/8435489.shtml,2025-02-19 09:15:00+00:00,,macro,SPY,"{'url': 'https://china.qianlong.com/2025/0219/8435489.shtml', 'url_mobile': '', 'title': '  以案说法  警钟长鸣 织密织牢国家安全防线 - 千龙网 · 中国首都网', 'seendate': '20250219T091500Z', 'socialimage': '', 'domain': 'china.qianlong.com', 'language': 'Chinese', 'sourcecountry': 'China'}"
gdelt_news,gdelt_doc,SPY,"Karwar Espionage case Naval base information was being leaked to Pakistan NIA caught 2 5000 में बिक गए देश के गद्दार ! पाक को दे रहे थे नौसैनिक अड्डे की खुफिया जानकारी , NIA ने दबोचा , India Hindi News",20250219T101500Z,https://www.livehindustan.com/national/karwar-espionage-case-naval-base-information-was-being-leaked-to-pakistan-nia-caught-2-201739955882493.html,2025-02-19 10:15:00+00:00,,macro,SPY,"{'url': 'https://www.livehindustan.com/national/karwar-espionage-case-naval-base-information-was-being-leaked-to-pakistan-nia-caught-2-201739955882493.html', 'url_mobile': 'https://www.livehindustan.com/national/karwar-espionage-case-naval-base-information-was-being-leaked-to-pakistan-nia-caught-2-201739955882493.amp.html', 'title': 'Karwar Espionage case Naval base information was being leaked to Pakistan NIA caught 2 5000 में बिक गए देश के गद्दार ! पाक को दे रहे थे नौसैनिक अड्डे की खुफिया जानकारी , NIA ने दबोचा , India Hindi News', 'seendate': '20250219T101500Z', 'socialimage': 'https://www.livehindustan.com/lh-img/smart/img/2025/02/19/1200x900/NIA_1739956302088_1739956307687.jpg', 'domain': 'livehindustan.com', 'language': 'Hindi', 'sourcecountry': 'India'}"
gdelt_news,gdelt_doc,SPY,"Spy X Family Chapter 112 Part 2 : Recap , Release Date , Where To Read And More",20250219T121500Z,https://www.pinkvilla.com/entertainment/anime/spy-x-family-chapter-112-part-2-recap-release-date-where-to-read-and-more-1373271,2025-02-19 12:15:00+00:00,,macro,SPY,"{'url': 'https://www.pinkvilla.com/entertainment/anime/spy-x-family-chapter-112-part-2-recap-release-date-where-to-read-and-more-1373271', 'url_mobile': 'https://www.pinkvilla.com/entertainment/anime/spy-x-family-chapter-112-part-2-recap-release-date-where-to-read-and-more-1373271?amp', 'title': 'Spy X Family Chapter 112 Part 2 : Recap , Release Date , Where To Read And More', 'seendate': '20250219T121500Z', 'socialimage': 'https://www.pinkvilla.com/images/2025-02/870696507_spy-x-family-chapter-112-part-2-release-anya-forger-1.jpg', 'domain': 'pinkvilla.com', 'language': 'English', 'sourcecountry': 'India'}"
gdelt_news,gdelt_doc,SPY,"Шоу « Шпигун » у Луцьку : інтрига , гумор , благодійність та зіркові гості . Фото",20250219T121500Z,https://www.volynnews.com/news/all/shou-shpyhun-u-lutsku-intryha-humor-blahodiynist-ta-zirkovi-hosti/,2025-02-19 12:15:00+00:00,,macro,SPY,"{'url': 'https://www.volynnews.com/news/all/shou-shpyhun-u-lutsku-intryha-humor-blahodiynist-ta-zirkovi-hosti/', 'url_mobile': '', 'title': 'Шоу « Шпигун » у Луцьку : інтрига , гумор , благодійність та зіркові гості . Фото', 'seendate': '20250219T121500Z', 'socialimage': 'https://www.volynnews.com/files/news/2025/02-19/398621/photo_2025-02-19_00-57-35.jpg', 'domain': 'volynnews.com', 'language': 'Ukrainian', 'sourcecountry': 'Ukraine'}"
gdelt_news,gdelt_doc,SPY,Exposición de espias y cine en caixaforum,20250219T133000Z,https://www.levante-emv.com/cultura/2025/02/19/james-bond-mata-hari-espias-exposicion-caixaforum-114464624.html,2025-02-19 13:30:00+00:00,,macro,SPY,"{'url': 'https://www.levante-emv.com/cultura/2025/02/19/james-bond-mata-hari-espias-exposicion-caixaforum-114464624.html', 'url_mobile': 'https://www.levante-emv.com/cultura/2025/02/19/james-bond-mata-hari-espias-exposicion-caixaforum-114464624.amp.html', 'title': 'Exposición de espias y cine en caixaforum', 'seendate': '20250219T133000Z', 'socialimage': 'https://estaticos-cdn.prensaiberica.es/clip/a2912886-9021-43f5-8600-47b6f2891cc9_16-9-discover-aspect-ratio_default_0.jpg', 'domain': 'levante-emv.com', 'language': 'Spanish', 'sourcecountry': 'Spain'}"
gdelt_news,gdelt_doc,SPY,国家安全机关破获境外间谍勾连案 幕后黑手落网 _ 新闻频道 _ 中华网,20250219T171500Z,https://news.china.com/socialgd/10000169/20250220/47991629.html,2025-02-19 17:15:00+00:00,,macro,SPY,"{'url': 'https://news.china.com/socialgd/10000169/20250220/47991629.html', 'url_mobile': '', 'title': '国家安全机关破获境外间谍勾连案 幕后黑手落网 _ 新闻频道 _ 中华网', 'seendate': '20250219T171500Z', 'socialimage': '', 'domain': 'news.china.com', 'language': 'Chinese', 'sourcecountry': 'China'}"
gdelt_news,gdelt_doc,SPY,小米YU7内饰谍照曝光 远端带鱼屏设计 翻转仪表屏没了 ？ ,20250220T020000Z,https://finance.sina.com.cn/tech/roll/2025-02-20/doc-inemawin4854002.shtml,2025-02-20 02:00:00+00:00,,macro,SPY,"{'url': 'https://finance.sina.com.cn/tech/roll/2025-02-20/doc-inemawin4854002.shtml', 'url_mobile': '', 'title': '小米YU7内饰谍照曝光 远端带鱼屏设计 翻转仪表屏没了 ？ ', 'seendate': '20250220T020000Z', 'socialimage': 'https://n.sinaimg.cn/spider20250220/137/w600h337/20250220/339c-20b8f812e53348a8e978b51c92513df1.jpg', 'domain': 'finance.sina.com.cn', 'language': 'Chinese', 'sourcecountry': 'China'}"
gdelt_news,gdelt_doc,SPY,小米 YU7 SUV 内饰谍照曝光 ： 远端带鱼仪表 + 碳纤维方向盘,20250220T023000Z,https://finance.sina.com.cn/tech/digi/2025-02-20/doc-inemawin4872419.shtml,2025-02-20 02:30:00+00:00,,macro,SPY,"{'url': 'https://finance.sina.com.cn/tech/digi/2025-02-20/doc-inemawin4872419.shtml', 'url_mobile': '', 'title': '小米 YU7 SUV 内饰谍照曝光 ： 远端带鱼仪表 + 碳纤维方向盘', 'seendate': '20250220T023000Z', 'socialimage': 'https://n.sinaimg.cn/spider20250220/474/w600h674/20250220/f68e-f696874831afe66173cf5fec546e195f.jpg', 'domain': 'finance.sina.com.cn', 'language': 'Chinese', 'sourcecountry': 'China'}"
gdelt_news,gdelt_doc,SPY,小米 YU7 SUV 内饰谍照曝光 ： 远端带鱼仪表 + 碳纤维方向盘,20250220T024500Z,https://www.163.com/dy/article/JOR69NHR0511B8LM.html,2025-02-20 02:45:00+00:00,,macro,SPY,"{'url': 'https://www.163.com/dy/article/JOR69NHR0511B8LM.html', 'url_mobile': 'https://m.163.com/dy/article/JOR69NHR0511B8LM.html', 'title': '小米 YU7 SUV 内饰谍照曝光 ： 远端带鱼仪表 + 碳纤维方向盘', 'seendate': '20250220T024500Z', 'socialimage': '', 'domain': '163.com', 'language': 'Chinese', 'sourcecountry': 'China'}"
gdelt_news,gdelt_doc,SPY,小米YU7内饰谍照大揭秘 ： 远端带鱼屏亮眼 ， 运动风方向盘来袭 ？- 智能汽车 - ITBear科技资讯,20250220T031500Z,http://www.itbear.com.cn/html/2025-02/721167.html,2025-02-20 03:15:00+00:00,,macro,SPY,"{'url': 'http://www.itbear.com.cn/html/2025-02/721167.html', 'url_mobile': '', 'title': '小米YU7内饰谍照大揭秘 ： 远端带鱼屏亮眼 ， 运动风方向盘来袭 ？- 智能汽车 - ITBear科技资讯', 'seendate': '20250220T031500Z', 'socialimage': '', 'domain': 'itbear.com.cn', 'language': 'Chinese', 'sourcecountry': 'China'}"
gdelt_news,gdelt_doc,SPY,VOO Overtakes SPY as World Largest ETF,20250220T034500Z,https://finance.yahoo.com/news/voo-overtakes-spy-world-largest-193012109.html,2025-02-20 03:45:00+00:00,,macro,SPY,"{'url': 'https://finance.yahoo.com/news/voo-overtakes-spy-world-largest-193012109.html', 'url_mobile': '', 'title': 'VOO Overtakes SPY as World Largest ETF', 'seendate': '20250220T034500Z', 'socialimage': 'https://s.yimg.com/ny/api/res/1.2/1y83I1MY3Xzx9f5xbPETfg--/YXBwaWQ9aGlnaGxhbmRlcjt3PTEyMDA7aD03MjA-/https://media.zenfs.com/en/indexuniverse.com/887b06203be71e328f7c5d1cf9c6bf61', 'domain': 'finance.yahoo.com', 'language': 'English', 'sourcecountry': 'United States'}"
gdelt_news,gdelt_doc,SPY,Vanguard ETF poised to overtake State Street fund as world biggest,20250220T053000Z,https://finance.yahoo.com/news/vanguard-etf-poised-overtake-state-204755185.html,2025-02-20 05:30:00+00:00,,macro,SPY,"{'url': 'https://finance.yahoo.com/news/vanguard-etf-poised-overtake-state-204755185.html', 'url_mobile': '', 'title': 'Vanguard ETF poised to overtake State Street fund as world biggest', 'seendate': '20250220T053000Z', 'socialimage': 'https://media.zenfs.com/en/reuters-finance.com/1c6b533af0802cced786e9f9ae651416', 'domain': 'finance.yahoo.com', 'language': 'English', 'sourcecountry': 'United States'}"
gdelt_news,gdelt_doc,SPY,小米YU7内饰谍照曝光 ： 售价超30万,20250220T061500Z,https://auto.zol.com.cn/951/9514698.html,2025-02-20 06:15:00+00:00,,macro,SPY,"{'url': 'https://auto.zol.com.cn/951/9514698.html', 'url_mobile': 'https://m.zol.com.cn/article/9514698.html', 'title': '小米YU7内饰谍照曝光 ： 售价超30万', 'seendate': '20250220T061500Z', 'socialimage': '', 'domain': 'auto.zol.com.cn', 'language': 'Chinese', 'sourcecountry': 'China'}"
gdelt_news,gdelt_doc,SPY, 「 M3ツーリングの悪夢 」… アウディ 「 RS5アバント 」 新型 、 歴代最強が北極圏で最終調整 ！― スポニチ Sponichi Annex クルマ,20250220T061500Z,https://www.sponichi.co.jp/car/news/2025/02/20/kiji/20250220c00045SCE004000c.html,2025-02-20 06:15:00+00:00,,macro,SPY,"{'url': 'https://www.sponichi.co.jp/car/news/2025/02/20/kiji/20250220c00045SCE004000c.html', 'url_mobile': 'https://www.sponichi.co.jp/car/news/2025/02/20/kiji/20250220c00045SCE004000c.html?amp=1', 'title': ' 「 M3ツーリングの悪夢 」… アウディ 「 RS5アバント 」 新型 、 歴代最強が北極圏で最終調整 ！― スポニチ Sponichi Annex クルマ', 'seendate': '20250220T061500Z', 'socialimage': 'https://www.sponichi.co.jp/car/news/2025/02/20/jpeg/20250220c01045SCE004000p_view.webp', 'domain': 'sponichi.co.jp', 'language': 'Japanese', 'sourcecountry': 'Japan'}"
gdelt_news,gdelt_doc,SPY,"Ukrainas žurnālists Portņikovs : Sāk parādīties vēl viena Krievijas  guļošo  spiegu aģentūra , kas destabilizēs situāciju pēc tam , kad karš būs beidzies",20250220T151500Z,https://www.la.lv/ukrainas-zurnalists-portnikovs-sak-paradities-vel-viena-krievijas-guloso-spiegu-agentura-kas-destabilizes-situaciju-pec-tam-kad-kars-bus-beidzies,2025-02-20 15:15:00+00:00,,macro,SPY,"{'url': 'https://www.la.lv/ukrainas-zurnalists-portnikovs-sak-paradities-vel-viena-krievijas-guloso-spiegu-agentura-kas-destabilizes-situaciju-pec-tam-kad-kars-bus-beidzies', 'url_mobile': '', 'title': 'Ukrainas žurnālists Portņikovs : Sāk parādīties vēl viena Krievijas  guļošo  spiegu aģentūra , kas destabilizēs situāciju pēc tam , kad karš būs beidzies', 'seendate': '20250220T151500Z', 'socialimage': 'https://pic.la.lv/2025/02/afp_1381t2-1-forsharing-800x578.png', 'domain': 'la.lv', 'language': 'Latvian', 'sourcecountry': 'Latvia'}"
gdelt_news,gdelt_doc,SPY,美共和党议员提议全面禁止中国学生签证 - 爬山看秋叶发表于 时事述评 - 论坛,20250221T000000Z,https://bbs.wenxuecity.com/bbs/currentevent/3598446.html,2025-02-21 00:00:00+00:00,,macro,SPY,"{'url': 'https://bbs.wenxuecity.com/bbs/currentevent/3598446.html', 'url_mobile': '', 'title': '美共和党议员提议全面禁止中国学生签证 - 爬山看秋叶发表于 时事述评 - 论坛', 'seendate': '20250221T000000Z', 'socialimage': '', 'domain': 'bbs.wenxuecity.com', 'language': 'Chinese', 'sourcecountry': 'China'}"
gdelt_news,gdelt_doc,SPY,小米YU7内饰谍照曝光 ： 采用远端带鱼屏设计,20250221T001500Z,https://projector.zol.com.cn/951/9515060.html,2025-02-21 00:15:00+00:00,,macro,SPY,"{'url': 'https://projector.zol.com.cn/951/9515060.html', 'url_mobile': 'https://m.zol.com.cn/article/9515060.html', 'title': '小米YU7内饰谍照曝光 ： 采用远端带鱼屏设计', 'seendate': '20250221T001500Z', 'socialimage': '', 'domain': 'projector.zol.com.cn', 'language': 'Chinese', 'sourcecountry': 'China'}"
gdelt_news,gdelt_doc,SPY,担心中共间谍 美议员提议全面禁止中国学生签证,20250221T071500Z,https://www.renminbao.com/rmb/articles/2025/2/21/88927.html,2025-02-21 07:15:00+00:00,,macro,SPY,"{'url': 'https://www.renminbao.com/rmb/articles/2025/2/21/88927.html', 'url_mobile': '', 'title': '担心中共间谍 美议员提议全面禁止中国学生签证', 'seendate': '20250221T071500Z', 'socialimage': '', 'domain': 'renminbao.com', 'language': 'Chinese', 'sourcecountry': 'China'}"
gdelt_news,gdelt_doc,SPY,對中國間諜斬草除根 美眾議員摩爾 : 全面禁止中國學生簽證 - 國際,20250221T083000Z,https://news.ltn.com.tw/news/world/breakingnews/4958498,2025-02-21 08:30:00+00:00,,macro,SPY,"{'url': 'https://news.ltn.com.tw/news/world/breakingnews/4958498', 'url_mobile': 'https://news.ltn.com.tw/amp/news/world/breakingnews/4958498', 'title': '對中國間諜斬草除根 美眾議員摩爾 : 全面禁止中國學生簽證 - 國際', 'seendate': '20250221T083000Z', 'socialimage': 'https://img.ltn.com.tw/Upload/news/600/2025/02/21/4958498_1_1.jpg', 'domain': 'news.ltn.com.tw', 'language': 'Chinese', 'sourcecountry': 'Taiwan'}"
gdelt_news,gdelt_doc,SPY,Hacker cinesi spiano reti united states con malware personalizzato,20250221T133000Z,https://www.html.it/magazine/hacker-cinesi-spiano-reti-usa-con-malware-personalizzato/,2025-02-21 13:30:00+00:00,,macro,SPY,"{'url': 'https://www.html.it/magazine/hacker-cinesi-spiano-reti-usa-con-malware-personalizzato/', 'url_mobile': '', 'title': 'Hacker cinesi spiano reti united states con malware personalizzato', 'seendate': '20250221T133000Z', 'socialimage': 'https://www.html.it/app/uploads/2025/02/hacker-china.jpg', 'domain': 'html.it', 'language': 'Italian', 'sourcecountry': 'Italy'}"
gdelt_news,gdelt_doc,SPY, 【 禁聞 】 中共間諜太多 美議員籲禁中國學生簽證 | 國家安全,20250221T194500Z,https://www.ntdtv.com/b5/2025/02/21/a103961003.html,2025-02-21 19:45:00+00:00,,macro,SPY,"{'url': 'https://www.ntdtv.com/b5/2025/02/21/a103961003.html', 'url_mobile': 'https://www.ntdtv.com/b5/2025/02/21/a103961003.html/amp', 'title': ' 【 禁聞 】 中共間諜太多 美議員籲禁中國學生簽證 | 國家安全', 'seendate': '20250221T194500Z', 'socialimage': 'https://i.ntdtv.com/assets/uploads/2025/02/id103961024-320e019bec4f5560ab60febeffd553b6-1200x630.jpeg', 'domain': 'ntdtv.com', 'language': 'Chinese', 'sourcecountry': 'China'}"
gdelt_news,gdelt_doc,SPY,Kodno ime –  Krasnov ; Tramp je ruski špijun,20250221T223000Z,https://www.b92.net/info/svet/105759/kodno-ime-krasnov-tramp-je-ruski-spijun/vest,2025-02-21 22:30:00+00:00,,macro,SPY,"{'url': 'https://www.b92.net/info/svet/105759/kodno-ime-krasnov-tramp-je-ruski-spijun/vest', 'url_mobile': '', 'title': 'Kodno ime –  Krasnov ; Tramp je ruski špijun', 'seendate': '20250221T223000Z', 'socialimage': 'https://www.b92.net/data/images/2025-02-21/109682_profimedia-0965813647_f.jpg', 'domain': 'b92.net', 'language': 'Serbian', 'sourcecountry': 'Serbia'}"
gdelt_news,gdelt_doc,SPY,Apple và cuộc chiến với phần mềm gián điệp Pegasus,20250222T034500Z,https://plo.vn/ky-nguyen-so/apple-va-cuoc-chien-voi-phan-mem-gian-diep-pegasus-post835566.html,2025-02-22 03:45:00+00:00,,macro,SPY,"{'url': 'https://plo.vn/ky-nguyen-so/apple-va-cuoc-chien-voi-phan-mem-gian-diep-pegasus-post835566.html', 'url_mobile': 'https://plo.vn/ky-nguyen-so/apple-va-cuoc-chien-voi-phan-mem-gian-diep-pegasus-post835566.amp', 'title': 'Apple và cuộc chiến với phần mềm gián điệp Pegasus', 'seendate': '20250222T034500Z', 'socialimage': 'https://image.plo.vn/1200x630/Uploaded/2025/vrwqqxjwp/2025_02_22/apple-va-phan-mem-gian-diep-pegasus-742-1339.jpeg', 'domain': 'plo.vn', 'language': 'Vietnamese', 'sourcecountry': 'Vietnam'}"
gdelt_news,gdelt_doc,SPY,10 best spy movies ( that arent James Bond ) ,20250222T200000Z,https://www.digitaltrends.com/movies/best-spy-movies-non-james-bond/,2025-02-22 20:00:00+00:00,,macro,SPY,"{'url': 'https://www.digitaltrends.com/movies/best-spy-movies-non-james-bond/', 'url_mobile': '', 'title': '10 best spy movies ( that arent James Bond ) ', 'seendate': '20250222T200000Z', 'socialimage': 'https://www.digitaltrends.com/wp-content/uploads/2023/07/mission-impossible-train.jpg', 'domain': 'digitaltrends.com', 'language': 'English', 'sourcecountry': 'United States'}"
gdelt_news,gdelt_doc,SPY,How Spy x Family Balances Comedy And Action Better Than Most Anime,20250225T023000Z,https://gamerant.com/spy-x-family-balance-comedy-action-better-most-anime/,2025-02-25 02:30:00+00:00,,macro,SPY,"{'url': 'https://gamerant.com/spy-x-family-balance-comedy-action-better-most-anime/', 'url_mobile': '', 'title': 'How Spy x Family Balances Comedy And Action Better Than Most Anime', 'seendate': '20250225T023000Z', 'socialimage': 'https://static0.gamerantimages.com/wordpress/wp-content/uploads/2025/02/a-split-image-of-yor-anya-and-loid-from-spy-x-family-1.jpg', 'domain': 'gamerant.com', 'language': 'English', 'sourcecountry': 'United States'}"
gdelt_news,gdelt_doc,SPY,えっ ? ポルシェ 「 マカン 」 の兄弟に !? シュコダ7人乗りの電動SUV 、 全長4 . 9mの7人乗り ― スポニチ Sponichi Annex クルマ,20250225T053000Z,https://www.sponichi.co.jp/car/news/2025/02/25/kiji/20250225c00045SCE001000c.html,2025-02-25 05:30:00+00:00,,macro,SPY,"{'url': 'https://www.sponichi.co.jp/car/news/2025/02/25/kiji/20250225c00045SCE001000c.html', 'url_mobile': 'https://www.sponichi.co.jp/car/news/2025/02/25/kiji/20250225c00045SCE001000c.html?amp=1', 'title': 'えっ ? ポルシェ 「 マカン 」 の兄弟に !? シュコダ7人乗りの電動SUV 、 全長4 . 9mの7人乗り ― スポニチ Sponichi Annex クルマ', 'seendate': '20250225T053000Z', 'socialimage': 'https://www.sponichi.co.jp/car/news/2025/02/25/jpeg/20250225c01045SCE001000p_view.webp', 'domain': 'sponichi.co.jp', 'language': 'Japanese', 'sourcecountry': 'Japan'}"
gdelt_news,gdelt_doc,SPY,菲再逮5名可疑間諜 主嫌為中國人 - 國際 - 自由時報電子報,20250225T133000Z,https://news.ltn.com.tw/news/world/breakingnews/4962390,2025-02-25 13:30:00+00:00,,macro,SPY,"{'url': 'https://news.ltn.com.tw/news/world/breakingnews/4962390', 'url_mobile': 'https://news.ltn.com.tw/amp/news/world/breakingnews/4962390', 'title': '菲再逮5名可疑間諜 主嫌為中國人 - 國際 - 自由時報電子報', 'seendate': '20250225T133000Z', 'socialimage': 'https://img.ltn.com.tw/Upload/news/600/2025/02/25/phpmGAO6J.jpg', 'domain': 'news.ltn.com.tw', 'language': 'Chinese', 'sourcecountry': 'Taiwan'}"
gdelt_news,gdelt_doc,SPY,Khoe camera gián điệp mạnh nhất thế giới Trung Quốc tham vọng gì,20250226T010000Z,https://kienthuc.net.vn/khoa-hoc-cong-nghe/khoe-camera-gian-diep-manh-nhat-the-gioi-trung-quoc-tham-vong-gi-2083683.html,2025-02-26 01:00:00+00:00,,macro,SPY,"{'url': 'https://kienthuc.net.vn/khoa-hoc-cong-nghe/khoe-camera-gian-diep-manh-nhat-the-gioi-trung-quoc-tham-vong-gi-2083683.html', 'url_mobile': 'https://m.kienthuc.net.vn/khoa-hoc-cong-nghe/khoe-camera-gian-diep-manh-nhat-the-gioi-trung-quoc-tham-vong-gi-2083683.html', 'title': 'Khoe camera gián điệp mạnh nhất thế giới Trung Quốc tham vọng gì', 'seendate': '20250226T010000Z', 'socialimage': 'https://images.kienthuc.net.vn/zoom/800/Uploaded/trangpt/2025_02_25/came/ca_1_URJB.png', 'domain': 'kienthuc.net.vn', 'language': 'Vietnamese', 'sourcecountry': 'Vietnam'}"
gdelt_news,gdelt_doc,SPY,مزودين بآلات تصوير ، الجيش اللبناني يفكك جهازي تجسس زرعهما الاحتلال جنوبي البلاد ( صور ) ,20250227T031500Z,https://www.vetogate.com/5357629,2025-02-27 03:15:00+00:00,,macro,SPY,"{'url': 'https://www.vetogate.com/5357629', 'url_mobile': '', 'title': 'مزودين بآلات تصوير ، الجيش اللبناني يفكك جهازي تجسس زرعهما الاحتلال جنوبي البلاد ( صور ) ', 'seendate': '20250227T031500Z', 'socialimage': '', 'domain': 'vetogate.com', 'language': 'Arabic', 'sourcecountry': 'Egypt'}"
gdelt_news,gdelt_doc,SPY, 【 朗報 】 豪州トヨタ幹部が明言 ! トヨタ  GR  のガソリンエンジンとマニュアルは今後も 「 長い間 」 継続する !― スポニチ Sponichi Annex クルマ,20250228T053000Z,https://www.sponichi.co.jp/car/news/2025/02/28/kiji/20250228c00045SCE007000c.html,2025-02-28 05:30:00+00:00,,macro,SPY,"{'url': 'https://www.sponichi.co.jp/car/news/2025/02/28/kiji/20250228c00045SCE007000c.html', 'url_mobile': 'https://www.sponichi.co.jp/car/news/2025/02/28/kiji/20250228c00045SCE007000c.html?amp=1', 'title': ' 【 朗報 】 豪州トヨタ幹部が明言 ! トヨタ  GR  のガソリンエンジンとマニュアルは今後も 「 長い間 」 継続する !― スポニチ Sponichi Annex クルマ', 'seendate': '20250228T053000Z', 'socialimage': 'https://www.sponichi.co.jp/car/news/2025/02/28/jpeg/20250228c01045SCE007000p_view.webp', 'domain': 'sponichi.co.jp', 'language': 'Japanese', 'sourcecountry': 'Japan'}"
gdelt_news,gdelt_doc,SPY, 「 店舗に潜入し弱点を報告せよ 」 バーガーキングが 〝 スパイ 〟 750人を募集 報酬は3食分,20250228T093000Z,https://www.sankei.com/article/20250228-RWIG4SJXNBERPIPPOZ6VI4YWJA/,2025-02-28 09:30:00+00:00,,macro,SPY,"{'url': 'https://www.sankei.com/article/20250228-RWIG4SJXNBERPIPPOZ6VI4YWJA/', 'url_mobile': '', 'title': ' 「 店舗に潜入し弱点を報告せよ 」 バーガーキングが 〝 スパイ 〟 750人を募集 報酬は3食分', 'seendate': '20250228T093000Z', 'socialimage': '', 'domain': 'sankei.com', 'language': 'Japanese', 'sourcecountry': 'Japan'}"
gdelt_news,gdelt_doc,SPY,Inilah 7 Ninja Mata - Mata Terbaik di Naruto dan Boruto ! ,20250228T101500Z,https://gadget.viva.co.id/anime/24753-inilah-7-ninja-mata-mata-terbaik-di-naruto-dan-boruto,2025-02-28 10:15:00+00:00,,macro,SPY,"{'url': 'https://gadget.viva.co.id/anime/24753-inilah-7-ninja-mata-mata-terbaik-di-naruto-dan-boruto', 'url_mobile': 'https://gadget.viva.co.id/amp/anime/24753-inilah-7-ninja-mata-mata-terbaik-di-naruto-dan-boruto', 'title': 'Inilah 7 Ninja Mata - Mata Terbaik di Naruto dan Boruto ! ', 'seendate': '20250228T101500Z', 'socialimage': 'https://thumb.viva.id/vivagadget/665x374/2024/12/07/6754761e3a1ec-inilah-7-ninja-mata-mata-terbaik-di-naruto-dan-boruto_.jpg', 'domain': 'gadget.viva.co.id', 'language': 'Indonesian', 'sourcecountry': 'Indonesia'}"
gdelt_news,gdelt_doc,SPY,7 amazing British spy thrillers to watch if you love Slow Horses,20250228T181500Z,https://www.hellomagazine.com/film/817205/british-spy-thrillers-to-watch-if-you-love-slow-horses/,2025-02-28 18:15:00+00:00,,macro,SPY,"{'url': 'https://www.hellomagazine.com/film/817205/british-spy-thrillers-to-watch-if-you-love-slow-horses/', 'url_mobile': 'https://www.hellomagazine.com/film/817205/british-spy-thrillers-to-watch-if-you-love-slow-horses/?viewas=amp', 'title': '7 amazing British spy thrillers to watch if you love Slow Horses', 'seendate': '20250228T181500Z', 'socialimage': 'https://images.hellomagazine.com/horizon/landscape/a1a671a63103-slow-horses-gary-oldman.jpg?tx=c_fill,w_1200', 'domain': 'hellomagazine.com', 'language': 'English', 'sourcecountry': 'United Kingdom'}"
